"CID","IAUName","Type","z","Color","e_Color","Stretch","e_Stretch","HR","e_HR","DR8-OBJID","BPT","LogMass","e_LogMass","LogMet","e_LogMet","LogSSFR","e_LogSSFR","GFF","Source"
703,"...","P",0.3,-0.01,0.05,0.66,0.65,-0.15,0.17,1237663544222482944,1,9.96,0.13,8.92,0.05,-9.82,0.13,0.46,"BOSS"
762,"2005eg","S",0.19,-0.04,0.03,1.13,0.27,0.16,0.09,1237666338114765056,1,11.24,0.08,8.92,0.08,-10.16,0.09,0.21,"SDSS"
779,"...","P",0.24,0.02,0.04,0.41,0.39,-0.1,0.12,1237657069548208384,3,10.1,0.09,-999,-999,-999,-999,0.3,"BOSS"
822,"...","P",0.24,-0.09,0.05,-0.58,0.58,0.24,0.16,1237657584950379008,3,10.02,0.15,-999,-999,-999,-999,0.32,"BOSS"
859,"...","P",0.28,0.02,0.04,0.46,0.51,-0.33,0.14,1237666408438301184,1,9.64,0.13,8.8,0.06,-8.91,0.13,0.42,"BOSS"
911,"...","P",0.21,0.24,0.06,-0.48,0.73,-0.1,0.18,1237666407922467584,1,10.14,0.09,8.75,0.05,-9.13,0.09,0.18,"BOSS"
986,"...","P",0.28,0.01,0.06,-0.21,1.09,0.09,0.25,1237663463145079040,1,10.26,0.1,8.61,0.17,-9.21,0.12,0.27,"BOSS"
1008,"2005il","P",0.23,-0.02,0.04,0.46,0.48,-0.11,0.11,1237678617430197248,2,10.61,0.14,9,0.11,-11.62,0.31,0.28,"BOSS"
1032,"2005ez","S",0.13,0.05,0.04,-2.54,0.2,-0.02,0.1,1237666302164664320,2,10.68,0.07,9.1,0.06,-11.38,0.09,0.46,"SDSS"
1112,"2005fg","S",0.26,-0.04,0.05,-0.53,0.71,0.1,0.18,1237663478724428544,10,11.35,0.06,8.93,0.09,-9.42,0.07,0.13,"SDSS"
1119,"2005fc","S",0.3,-0.14,0.06,0.86,1.38,0.3,0.28,1237663458851619840,0,10.8,0.07,8.99,0.02,-9.25,0.07,0.29,"BOSS"
1241,"2005ff","S",0.09,0.05,0.02,-0.54,0.08,-0.09,0.06,1237656567586226432,2,10.7,0.11,8.78,0.05,-9.33,0.11,0.13,"BOSS"
1253,"2005fd","S",0.26,-0.1,0.04,-0.93,0.47,-0.12,0.14,1237663457779384576,2,11.15,0.09,9.15,0.05,-11.55,0.12,0.22,"BOSS"
1354,"...","P",0.25,0.2,0.08,-1.12,1.22,-0.15,0.3,1237663784195129600,1,10.63,0.08,8.88,0.02,-8.71,0.09,0.21,"BOSS"
1371,"2005fh","S",0.12,-0.1,0.02,0.79,0.1,-0.15,0.06,1237663277923107072,3,10.89,0.08,-999,-999,-999,-999,0.45,"SDSS"
1415,"...","P",0.21,0.17,0.04,0.92,0.5,-0.21,0.13,1237663716016980224,0,11.64,0.13,9.08,0.07,-11.34,0.16,0.29,"SDSS"
1658,"...","P",0.28,0,0.05,0.43,0.47,0.06,0.15,1237657191977845248,1,9.73,0.12,8.57,0.95,-9.51,0.18,0.27,"BOSS"
1794,"2005fj","S",0.14,0.03,0.03,1.17,0.32,0.11,0.08,1237663542603809024,3,9.27,0.08,-999,-999,-999,-999,0.21,"BOSS"
1979,"...","P",0.29,0.01,0.06,-1.28,1.08,-0.16,0.26,1237678617406604288,1,9.74,0.17,8.78,0.16,-10.09,0.21,0.33,"BOSS"
2017,"2005fo","S",0.26,-0.11,0.04,1.37,0.56,0.3,0.16,1237663479793714176,1,10.55,0.08,9.09,0.03,-9.73,0.09,0.32,"BOSS"
2081,"...","P",0.25,-0.1,0.05,-0.43,0.82,0.25,0.18,1237660024493834752,1,10.09,0.09,8.86,0.07,-9.43,0.1,0.53,"SDSS"
2149,"...","P",0.3,-0.09,0.06,0.29,0.73,0.33,0.2,1237666338652487680,3,10.49,0.16,-999,-999,-999,-999,0.35,"BOSS"
2330,"2005fp","S",0.21,0.02,0.06,-1.79,0.58,0.41,0.17,1237678434328183296,1,9.87,0.1,9.14,0.05,-10.42,0.13,0.28,"BOSS"
2372,"2005ft","S",0.18,0.03,0.03,0.31,0.22,-0.09,0.08,1237657070091109120,1,10.6,0.08,9.02,0.05,-9.9,0.08,0.31,"BOSS"
2440,"2005fu","S",0.19,-0.08,0.03,0.43,0.29,0.21,0.09,1237678617436487936,1,10.32,0.08,8.86,0.02,-8.82,0.08,0.28,"BOSS"
2532,"...","P",0.27,0,0.05,0.89,0.63,0.21,0.19,1237663783672676608,20,11.44,0.1,9.06,0.13,-11.42,0.19,0.14,"BOSS"
2561,"2005fv","S",0.12,0.04,0.03,-0.08,0.11,0.04,0.06,1237678437019287552,1,10.76,0.06,8.78,0.07,-10.36,0.07,0.2,"SDSS"
2639,"...","P",0.22,0,0.03,0.4,0.28,-0.33,0.1,1237663544219926784,0,10.92,0.07,9.55,0.05,-14.4,0.61,0.39,"BOSS"
2766,"...","P",0.15,-0.05,0.03,-0.05,0.4,-0.06,0.09,1237666300019802368,0,11.25,0.11,8.98,0.05,-10.57,0.12,0.34,"SDSS"
2789,"2005fx","S",0.29,-0.11,0.05,-0.77,0.55,0,0.17,1237663444906017280,3,11.22,0.17,-999,-999,-999,-999,0.25,"BOSS"
2855,"...","P",0.25,-0.04,0.04,0.66,0.43,-0.01,0.15,1237663783667630592,1,9.71,0.11,8.95,0.06,-9.34,0.12,0.38,"BOSS"
2871,"...","P",0.29,-0.04,0.02,-0.77,0.96,0.14,0.21,1237663782590873856,0,11.3,0.11,9.2,11.14,-10.04,0.31,0.27,"BOSS"
2992,"2005gp","S",0.13,0.1,0.03,-0.96,0.14,-0.2,0.07,1237663237667553536,1,10.23,0.06,8.83,0.06,-9.85,0.06,0.29,"SDSS"
3080,"2005ga","S",0.17,-0.05,0.02,0.11,0.19,-0.13,0.07,1237666338115354880,2,10.96,0.11,8.91,0.04,-9.91,0.11,0.26,"BOSS"
3087,"2005gc","S",0.17,0.01,0.02,0.53,0.19,-0.09,0.07,1237666338116927744,1,9.66,0.09,8.61,0.09,-9.49,0.1,0.2,"BOSS"
3317,"2005gd","S",0.16,0.02,0.03,-0.51,0.19,-0.14,0.07,1237657071695823360,1,10.05,0.07,8.96,0.05,-9.72,0.08,0.2,"BOSS"
3426,"...","P",0.23,-0.15,0.03,-0.28,0.44,0.2,0.12,1237663479799415040,0,11.04,0.09,8.87,0.04,-9.22,0.09,0.26,"BOSS"
3451,"2005gf","S",0.25,-0.07,0.03,0.75,0.33,-0.14,0.11,1237663544221499904,0,10.84,0.12,8.96,0.05,-10.35,0.14,0.31,"BOSS"
3452,"2005gg","S",0.23,-0.08,0.03,0.89,0.27,-0.03,0.09,1237663544221762304,1,9.23,0.09,8.73,0.82,-8.99,0.12,0.33,"BOSS"
3565,"...","P",0.29,-0.19,0.05,-1.15,0.49,0.22,0.17,1237657191980073216,2,11.95,0.13,9.03,0.16,-10.46,0.19,0.21,"SDSS"
3592,"2005gb","S",0.09,-0.04,0.02,-0.14,0.07,-0.02,0.06,1237663204922491136,2,10.74,0.07,9,0.03,-9.53,0.07,0.21,"SDSS"
3887,"...","P",0.3,0.03,0.08,-2.69,1.01,-0.28,0.3,1237663784202207488,0,10.86,0.11,-999,-999,-9.05,0.12,0.37,"BOSS"
3945,"...","P",0.26,-0.16,0.34,0.49,0.09,0.35,0.84,1237663783654392320,2,9.76,0.11,8.74,0.07,-9.31,0.12,0.4,"BOSS"
4000,"2005gt","S",0.28,-0.01,0.06,-1.04,0.61,0.1,0.21,1237663783674118400,10,10.92,0.08,8.88,0.16,-10.49,0.18,0.21,"BOSS"
4019,"...","P",0.18,0.16,0.04,0.51,0.28,-0.08,0.09,1237657192516354304,1,11.04,0.07,9.05,0.05,-9.8,0.08,0.3,"SDSS"
4046,"2005gw","S",0.28,-0.01,0.04,0.81,0.52,0.01,0.16,1237657191976534272,1,9.36,0.31,8.99,0.03,-7.81,0.31,0.56,"BOSS"
4181,"...","P",0.29,-0.09,0.04,1.88,0.73,0.26,0.18,1237663782603325696,3,10.44,0.08,-999,-999,-999,-999,0.31,"BOSS"
4206,"...","P",0.29,0.03,0.07,-1.52,0.64,-0.06,0.21,1237666407366328832,1,11.01,0.15,8.91,0.07,-9.68,0.15,0.33,"BOSS"
4311,"...","P",0.3,-0.02,0.05,0.09,0.52,-0.17,0.18,1237678617431900416,3,10.48,0.08,-999,-999,-999,-999,0.34,"BOSS"
4676,"...","P",0.25,-0.09,0.03,0.6,0.11,0.06,0.09,1237663204922425856,1,10.27,0.12,8.8,0.11,-9.07,0.12,0.35,"BOSS"
5103,"2005gx","S",0.16,0.02,0.03,-0.23,0.15,-0.09,0.07,1237657191978894080,1,9.09,0.08,8.43,0.33,-8.47,0.1,0.34,"BOSS"
5199,"...","P",0.22,0.13,0.05,0.77,0.56,0.24,0.15,1237656906350199296,1,9.54,0.11,8.78,0.1,-9.43,0.14,0.41,"BOSS"
5235,"...","P",0.25,0.01,0.05,-0.47,0.4,-0.03,0.14,1237663544222876160,1,9.01,0.18,8.47,0.39,-9.3,0.3,0.83,"BOSS"
5473,"...","P",0.28,-0.07,0.05,-1.07,0.43,0.08,0.16,1237666408440135936,0,11.29,0.14,9.19,0.06,-12.08,0.33,0.23,"BOSS"
5486,"...","P",0.23,0.06,0.05,1.27,0.6,0.13,0.15,1237663478721872640,1,10.22,0.08,8.79,0.04,-9.23,0.09,0.23,"BOSS"
5533,"2005hu","S",0.22,0.02,0.03,-0.06,0.28,-0.01,0.08,1237663543682270208,1,9.96,0.09,8.52,0.11,-9.47,0.1,0.17,"BOSS"
5549,"2005hx","S",0.12,0,0.02,0.25,0.1,0,0.05,1237657191443529984,1,8.72,0.1,8.5,0.18,-9.4,0.14,0.52,"BOSS"
5550,"2005hy","S",0.16,-0.05,0.02,1.91,0.2,0.03,0.06,1237657191443661056,1,9.56,0.1,8.64,0.04,-8.98,0.1,0.26,"BOSS"
5635,"2005hv","S",0.18,-0.03,0.04,0.06,0.41,0.4,0.1,1237663543147364352,3,9.48,0.07,-999,-999,-999,-999,0.41,"BOSS"
5751,"2005hz","S",0.13,0.15,0.02,0.65,0.11,-0.09,0.05,1237663204919279872,1,10.78,0.1,9.06,0.04,-9.61,0.1,0.18,"BOSS"
5776,"...","P",0.24,-0.17,0.06,0.11,0.51,0.38,0.17,1237656568119099648,0,11.18,0.09,8.88,0.06,-10.76,0.13,0.24,"BOSS"
5890,"...","P",0.18,-0.01,0.04,0.11,0.31,0.05,0.09,1237663479795286272,2,10.74,0.09,8.97,0.02,-9.76,0.1,0.3,"BOSS"
5917,"...","P",0.3,-0.1,0.04,0.35,0.49,-0.18,0.13,1237663783663174656,3,9.88,0.19,-999,-999,-999,-999,0.21,"BOSS"
5957,"2005ie","S",0.28,-0.11,0.04,-0.11,0.44,0.08,0.12,1237663783675756800,1,10.46,0.09,9.05,0.03,-9.39,0.09,0.4,"BOSS"
5959,"...","P",0.21,-0.07,0.03,-0.17,0.26,0.07,0.08,1237663783677198336,2,11.16,0.14,9.04,0.1,-9.97,0.15,0.12,"BOSS"
5963,"...","P",0.24,0,0.04,-0.07,0.37,-0.18,0.1,1237663716019208704,1,10.36,0.09,8.88,0.05,-9.58,0.1,0.23,"BOSS"
6192,"2005jy","S",0.27,-0.05,0.05,-1.94,0.79,-0.06,0.17,1237678617412764416,1,9.64,0.12,8.22,1.19,-9.45,0.18,0.24,"BOSS"
6196,"2005ig","S",0.28,-0.01,0.05,-1.44,0.59,-0.33,0.14,1237663542612460288,3,11.41,0.15,-999,-999,-999,-999,0.26,"BOSS"
6249,"2005ii","S",0.3,0.03,0.05,0.6,0.7,-0.04,0.16,1237657190369788416,1,10.05,0.12,10.68,-999,-999,-999,0.28,"BOSS"
6275,"...","P",0.27,0.14,0.05,-0.15,0.67,-0.36,0.15,1237663784212562432,1,11.07,0.12,8.85,0.07,-9.45,0.13,0.33,"BOSS"
6304,"2005jk","S",0.19,0.07,0.03,-0.49,0.39,-0.09,0.09,1237678617429410048,1,10.66,0.06,8.84,0.07,-9.51,0.07,0.14,"BOSS"
6406,"2005ij","S",0.12,0,0.02,0.13,0.13,-0.1,0.06,1237660024523915520,1,10.55,0.06,8.85,0.05,-9.71,0.07,0.23,"SDSS"
6422,"2005id","S",0.19,-0.11,0.02,0.82,0.22,0.04,0.07,1237663783118897664,1,9.77,0.09,8.79,0.07,-9.52,0.11,0.28,"BOSS"
6431,"...","P",0.26,-0.12,0.07,-2.24,0.6,0.2,0.2,1237663783126958336,0,11.2,0.11,8.54,0.2,-10.39,0.22,0.26,"BOSS"
6479,"...","P",0.23,0,0.03,-0.72,0.45,-0.19,0.11,1237678617400509696,2,10.35,0.09,8.81,0.04,-9.52,0.09,0.38,"BOSS"
6530,"...","P",0.19,-0.09,0.04,-1.53,0.03,0.04,0.09,1237663784203649280,3,10.34,0.1,-999,-999,-999,-999,0.51,"BOSS"
6556,"...","P",0.26,0.13,0.05,-0.92,0.57,-0.48,0.13,1237663782589825280,0,11.15,0.07,9.03,0.03,-9.66,0.07,0.21,"BOSS"
6560,"...","P",0.27,-0.02,0.08,-1.12,1.06,0.14,0.22,1237663458852078080,1,9.7,0.09,8.64,0.11,-9.03,0.12,0.37,"BOSS"
6709,"...","P",0.28,0.05,0.09,-1.22,1.06,0.18,0.26,1237663277925138944,2,11.6,0.1,8.78,0.11,-9.09,0.11,0.16,"BOSS"
6780,"2005iz","S",0.2,-0.04,0.04,-1.77,0.38,-0.11,0.11,1237663543682007552,10,11.27,0.09,9.13,0.19,-13.59,0.36,0.21,"BOSS"
6895,"...","P",0.22,0.17,0.04,0.2,0.51,-0.35,0.11,1237678617404768768,2,11.29,0.11,9.26,0.08,-11.44,0.18,0.1,"BOSS"
6903,"...","P",0.25,0,0.05,-1.44,0.6,-0.21,0.15,1237678617407062528,0,11.45,0.09,8.67,0.1,-10.33,0.12,0.25,"BOSS"
6936,"2005jl","S",0.18,-0.02,0.03,0.03,0.31,0.02,0.08,1237656567579870976,1,10.26,0.08,8.9,0.05,-9.44,0.08,0.17,"BOSS"
7099,"...","P",0.22,-0.03,0.03,1.31,0.32,-0.18,0.09,1237678617410339072,1,10.8,0.05,9.18,0.13,-12.03,0.13,0.19,"BOSS"
7147,"2005jh","S",0.11,-0.1,0.02,-1.94,0.14,0.03,0.06,1237657190900826368,0,10.56,0.06,-999,-999,-9.45,0.23,0.25,"BOSS"
7243,"2005jm","S",0.2,-0.02,0.04,0.68,0.39,0.01,0.11,1237663479793385984,1,9.22,0.13,8.2,0.3,-9.11,0.14,0.33,"BOSS"
7258,"...","P",0.25,-0.06,0.04,1.45,0.96,0.57,0.18,1237657189814501632,1,11.19,0.11,11.71,57.26,-8.99,0.6,0.28,"BOSS"
7373,"...","P",0.28,-0.07,0.04,1.52,0.52,0.13,0.13,1237663277924614400,1,10.55,0.07,9.03,0.02,-9.13,0.08,0.33,"BOSS"
7444,"...","P",0.25,0,0.04,0.95,0.54,0.32,0.15,1237663784746418688,1,9.95,0.11,8.79,0.07,-9.47,0.12,0.33,"BOSS"
7600,"...","P",0.19,0,0.04,-2.4,0.36,-0.08,0.1,1237663275774836992,0,11.08,0.09,9.18,0.09,-11.74,0.2,0.25,"BOSS"
7847,"2005jp","S",0.21,0.12,0.03,0.14,0.4,-0.16,0.1,1237666407919780096,3,10.7,0.14,-999,-999,-999,-999,0.33,"BOSS"
8046,"2005ju","S",0.26,0.05,0.05,0.23,0.49,0,0.14,1237663784751399168,20,11.33,0.09,-999,-999,-8.67,0.12,0.21,"BOSS"
8195,"...","P",0.27,0.14,0.06,1.27,0.94,-0.05,0.23,1237657189818761472,2,11.79,0.13,8.89,0.13,-10.07,0.14,0.29,"SDSS"
8213,"2005ko","S",0.19,0.16,0.04,-0.66,0.34,-0.17,0.1,1.237656906354e+18,2,10.52,0.17,9.12,0.07,-10.52,0.18,0.26,"BOSS"
8216,"...","P",0.29,0.06,0.06,-0.69,0.63,-0.09,0.19,1237663543146513408,1,9.78,0.12,8.89,0.09,-9.42,0.13,0.38,"BOSS"
8254,"...","P",0.19,0.05,0.05,-0.89,0.42,0.11,0.12,1237663462607487232,1,9.72,0.08,8.64,0.04,-9.3,0.08,0.37,"BOSS"
8495,"2005mi","S",0.22,-0.02,0.04,0.73,0.46,-0.05,0.11,1237656567585177856,2,11.03,0.06,9.02,0.02,-9.66,0.07,0.19,"BOSS"
8555,"...","P",0.2,0.12,0.04,-1.19,0.39,0.31,0.12,1237663783661797888,1,9.97,0.08,8.96,0.05,-9.21,0.09,0.62,"SDSS"
8719,"2005kp","S",0.12,-0.06,0.02,0.01,0.17,0.02,0.06,1237663783127023872,1,9.31,0.07,8.19,0.27,-8.63,0.09,0.22,"BOSS"
8921,"2005ld","S",0.15,-0.02,0.03,0.79,0.25,0.03,0.07,1237663543143825920,1,10.22,0.06,8.7,0.03,-9.02,0.06,0.16,"BOSS"
9109,"...","P",0.28,-0.14,0.04,0.38,0.42,0.04,0.13,1237663785282699776,1,9.36,0.17,9.29,7.57,-8.86,0.22,0.46,"BOSS"
9457,"2005li","S",0.26,-0.01,0.06,-0.34,0.6,-0.06,0.17,1237663543685415680,20,11.13,0.15,8.89,0.08,-10.68,0.17,0.25,"BOSS"
9467,"2005lh","S",0.22,-0.15,0.02,-1.37,0.01,0.24,0.08,1237678595929407488,0,10.93,0.08,8.66,0.1,-9.67,0.09,0.19,"BOSS"
9594,"...","P",0.3,0.14,0.08,-0.35,0.99,-0.42,0.23,1237663784205156864,0,11.03,0.11,8.96,0.08,-11.35,0.25,0.29,"BOSS"
10037,"...","P",0.25,0.02,0.08,-1,0.62,0.09,0.23,1237678617936986880,0,11.11,0.14,8.64,0.07,-10.17,0.16,0.31,"BOSS"
10299,"...","P",0.26,-0.03,0.07,0.99,1.17,0.33,0.24,1237663480336417536,1,9.68,0.13,8.64,0.07,-9.11,0.13,0.31,"BOSS"
10559,"...","P",0.28,0.02,0.06,1.18,0.62,0,0.18,1237663275777720832,0,10.76,0.1,8.87,0.06,-9.58,0.12,0.28,"BOSS"
11306,"...","P",0.27,-0.04,0.07,0.56,0.79,-0.04,0.2,1237666300021506048,2,11.3,0.13,9.11,0.16,-10.33,0.15,0.31,"SDSS"
12781,"2006er","S",0.08,0.04,0.03,-1.83,0.19,0.18,0.08,1237657189833834752,0,10.94,0.08,9.08,0.07,-11.65,0.15,0.24,"SDSS"
12804,"...","P",0.13,0.03,0.03,0.41,0.32,0.06,0.08,1237663278472626432,1,9.57,0.07,8.72,0.02,-9.26,0.07,0.33,"BOSS"
12841,"2006gk","S",0.29,-0.11,0.11,-0.69,1.08,-0.01,0.22,1237657189814567680,1,10.12,0.13,9.08,0.04,-10.16,0.14,0.2,"BOSS"
12843,"2006fa","S",0.17,0.04,0.04,-1.01,0.3,-0.29,0.09,1237657189815681280,0,11.26,0.09,9.19,0.05,-12.67,0.34,0.3,"SDSS"
12856,"2006fl","S",0.17,-0.09,0.02,0.87,0.2,0.04,0.07,1237663544220975616,1,10.35,0.05,8.95,0.06,-9.6,0.07,0.23,"SDSS"
12860,"2006fc","S",0.12,0.14,0.03,-0.3,0.2,0.05,0.07,1237678617938821632,1,10.61,0.05,8.83,0.04,-9.31,0.06,0.15,"BOSS"
12875,"...","P",0.26,0.02,0.09,-1.04,0.63,0.13,0.23,1237657190903972352,0,10.06,0.15,8.93,0.06,-9.91,0.17,0.49,"BOSS"
12881,"2006gu","S",0.24,0.02,0.03,0.88,0.54,-0.12,0.13,1237657190909673984,1,9.68,0.11,8.92,0.1,-9.36,0.14,0.44,"BOSS"
12898,"2006fw","S",0.08,0.06,0.02,-0.05,0.09,0.01,0.06,1237666407917289472,3,9.95,0.05,-999,-999,-999,-999,0.25,"BOSS"
12930,"2006ex","S",0.15,0.02,0.03,1.89,0.4,0.14,0.1,1237663542600205568,1,10.9,0.06,10.68,-999,-999,-999,0.16,"SDSS"
12971,"2006ff","S",0.24,-0.08,0.03,1.12,0.53,-0.05,0.13,1237663783663436032,3,11.6,0.1,-999,-999,-999,-999,0.29,"SDSS"
12977,"2006gh","S",0.25,-0.04,0.04,0.06,0.51,-0.1,0.13,1237663783666516480,1,9.61,0.1,8.54,0.14,-9.23,0.12,0.29,"BOSS"
13016,"...","P",0.25,-0.1,0.05,-0.05,0.51,0.24,0.15,1237663785282306560,1,9.53,0.23,8.66,1.24,-9.43,0.28,0.33,"BOSS"
13025,"2006fx","S",0.22,0.04,0.03,0.73,0.31,0.08,0.09,1237663543687905792,1,10.84,0.05,9.03,0.03,-9.61,0.06,0.16,"BOSS"
13044,"2006fm","S",0.13,-0.07,0.02,-0.02,0.13,0.04,0.06,1237663479795287040,1,9.91,0.07,8.9,0.04,-9.81,0.08,0.09,"BOSS"
13070,"2006fu","S",0.2,-0.15,0.03,0.96,0.28,0.09,0.08,1237663783122698496,1,10.27,0.06,8.86,0.06,-9.37,0.08,0.37,"SDSS"
13099,"2006gb","S",0.27,-0.01,0.04,0.31,0.58,0.06,0.15,1237663275780210944,1,10.86,0.08,9.05,0.04,-9.5,0.09,0.34,"SDSS"
13135,"2006fz","S",0.1,-0.06,0.02,-1.4,0.07,0.01,0.05,1237657190370181376,3,11.13,0.08,-999,-999,-999,-999,0.3,"SDSS"
13152,"2006gg","S",0.2,-0.01,0.02,0.3,0.25,-0.18,0.07,1237663784200503808,1,9.39,0.1,8.54,0.09,-9.1,0.1,0.41,"BOSS"
13305,"2006he","S",0.21,-0.02,0.03,1.01,0.3,0,0.09,1237663544220189184,1,10.05,0.08,8.6,0.07,-8.66,0.09,0.24,"BOSS"
13323,"...","P",0.23,0.02,0.04,0.36,0.47,0.16,0.12,1237663543142974208,1,10.08,0.08,8.77,0.05,-9.02,0.08,0.25,"BOSS"
13334,"...","P",0.25,0.21,0.08,-0.75,0.74,0.06,0.21,1237663543679190272,1,10.02,0.17,9.05,0.08,-10.14,0.18,0.56,"BOSS"
13354,"2006hr","S",0.16,0.09,0.03,1.05,0.17,-0.11,0.07,1237657069548601344,1,10.47,0.08,8.98,0.03,-9.28,0.08,0.36,"SDSS"
13432,"...","P",0.23,0.07,0.09,-1.36,1,-0.03,0.26,1237656567040902400,3,10.38,0.07,-999,-999,-999,-999,0.35,"BOSS"
13441,"...","P",0.29,0.03,0.05,0.43,0.88,-0.05,0.19,1237663783654785280,3,11.13,0.11,8.69,0.12,-10.19,0.21,0.11,"BOSS"
13465,"...","P",0.29,0.07,0.09,-0.96,0.92,0.12,0.26,1237663784192508672,1,9.65,0.11,8.69,0.1,-9.08,0.13,0.42,"BOSS"
13476,"...","P",0.28,0.12,0.05,0.81,0.79,0.15,0.17,1237663783121912320,1,9.96,0.14,8.82,0.14,-9.95,0.16,0.34,"BOSS"
13487,"...","P",0.29,0.03,0.06,-1.25,0.48,-0.04,0.17,1237663784212759296,3,11.1,0.17,-999,-999,-999,-999,0.2,"BOSS"
13506,"2006hg","S",0.24,0.12,0.05,-0.1,0.65,0.04,0.15,1237663783134691584,3,10.19,0.08,-999,-999,-999,-999,0.38,"BOSS"
13511,"2006hh","S",0.24,-0.1,0.04,-1.42,0.46,0.27,0.12,1237663783141441792,2,11.41,0.13,8.93,0.12,-10.38,0.15,0.32,"SDSS"
13520,"...","P",0.27,0.07,0.05,0.03,0.63,-0.3,0.16,1237666339189227776,0,10.49,0.09,8.89,0.08,-10.58,0.12,0.45,"BOSS"
13610,"2006hd","S",0.3,-0.1,0.04,0.16,0.54,-0.15,0.15,1237678617402933760,1,10.47,0.1,8.88,0.03,-8.86,0.11,0.59,"SDSS"
13647,"...","P",0.25,-0.02,0.06,-1.09,0.7,-0.1,0.18,1237657189831606528,0,11.21,0.11,8.98,0.12,-11.65,0.41,0.21,"BOSS"
13689,"...","S",0.25,-0.12,0.01,1.18,0.39,0.11,0.08,1237657191980728576,1,10.45,0.07,8.98,0.02,-8.96,0.08,0.22,"BOSS"
13703,"...","P",0.24,-0.02,0.03,-0.15,0.27,-0.07,0.09,1237678617971785728,2,11.3,0.12,8.9,0.03,-9.65,0.12,0.24,"BOSS"
13727,"2006hj","S",0.23,-0.03,0.03,1.32,0.35,0,0.1,1237678617936135680,1,9.95,0.09,8.72,0.08,-9.36,0.1,0.18,"BOSS"
13736,"2006hv","S",0.15,-0.03,0.02,1.12,0.17,0.04,0.06,1237678617407717888,1,9.68,0.08,8.81,0.06,-9.97,0.09,0.22,"BOSS"
13796,"2006hl","S",0.15,-0.02,0.02,0.8,0.12,-0.13,0.06,1237663277923696896,3,10.33,0.06,-999,-999,-999,-999,0.15,"BOSS"
13835,"2006hp","S",0.25,-0.05,0.03,0.61,0.26,-0.06,0.09,1237663783663173888,1,10.51,0.06,8.96,0.02,-9.43,0.07,0.27,"BOSS"
13896,"...","P",0.16,0.07,0.04,-0.57,0.39,0.64,0.1,1237657190906397184,2,8.95,0.13,8.8,0.08,-9.79,0.15,0.43,"BOSS"
13897,"...","P",0.23,0.08,0.04,0.54,0.53,0.08,0.14,1237657190907904000,1,10.54,0.06,8.93,0.02,-9.39,0.06,0.38,"BOSS"
13907,"...","P",0.2,0.13,0.04,-0.21,0.3,-0.15,0.1,1237666339724787968,2,11.16,0.15,9.07,0.07,-10.82,0.17,0.23,"BOSS"
13909,"...","P",0.29,-0.11,0.04,0.88,0.39,0.23,0.13,1237666339725771264,3,9.76,0.15,-999,-999,-999,-999,0.18,"BOSS"
13971,"...","P",0.26,0,0.06,-0.34,0.68,0.21,0.19,1237678617428165376,1,10.22,0.13,8.42,0.16,-8.95,0.17,0.24,"BOSS"
14024,"2006ht","S",0.15,0.04,0.04,-1.92,0.2,-0.05,0.12,1237678617936396544,3,8.93,0.21,-999,-999,-999,-999,1.13,"BOSS"
14074,"...","P",0.26,0.12,0.06,0.72,0.65,0.1,0.17,1237660025032802816,1,9.82,0.1,8.5,0.12,-9.12,0.13,0.25,"BOSS"
14113,"...","P",0.24,0.17,0.04,-0.64,0.63,-0.56,0.14,1237663783136067840,1,10.27,0.08,9.13,0.07,-9.61,0.09,0.36,"BOSS"
14212,"2006iy","S",0.2,-0.04,0.03,-0.31,0.18,0.06,0.08,1237678595930063616,1,10.5,0.11,8.93,0.12,-10.72,0.12,0.31,"BOSS"
14261,"2006jk","S",0.29,-0.04,0.05,0.68,0.49,-0.19,0.13,1237663543682073600,2,9.13,0.09,9.03,0.07,-9.43,0.11,0.58,"BOSS"
14284,"2006ib","S",0.18,-0.07,0.02,-0.29,0.17,-0.23,0.06,1237666300018163968,-999,10.57,0.12,-999,-999,-999,-999,-999,"SDSS"
14331,"2006kl","S",0.22,0.01,0.04,0.17,0.3,0.14,0.11,1237657190908690944,1,9.7,0.1,8.42,0.47,-8.9,0.13,0.24,"BOSS"
14333,"...","P",0.27,-0.12,0.04,-0.47,0.4,0.14,0.13,1237666339188834560,3,11,0.1,-999,-999,-999,-999,0.38,"BOSS"
14340,"...","P",0.28,0.02,0.05,-0.77,0.57,-0.2,0.17,1237656906348888064,3,11.53,0.11,-999,-999,-999,-999,0.41,"SDSS"
14403,"...","P",0.29,-0.13,0.05,-0.77,0.47,0.26,0.16,1237663204921508608,10,10.17,0.13,8.81,0.11,-9.51,0.15,0.4,"BOSS"
14421,"2006ia","S",0.17,-0.09,0.03,-0.68,0.19,0.1,0.08,1237680099167109120,2,11.56,0.08,8.97,0.07,-11.13,0.15,0.16,"SDSS"
14437,"2006hy","S",0.15,-0.1,0.03,0.62,0.12,-0.05,0.06,1237656567046865152,2,10.19,0.13,8.83,0.09,-10.12,0.14,0.44,"BOSS"
14438,"...","P",0.3,-0.09,0.04,1.56,0.62,0.09,0.15,1237660024495014144,3,9.68,0.08,-999,-999,-999,-999,0.44,"BOSS"
14444,"...","P",0.25,-0.16,0.04,-1.08,0.35,0.32,0.12,1237656567585768192,3,10.95,0.1,-999,-999,-999,-999,0.24,"BOSS"
14445,"...","P",0.24,0.01,0.06,-2.37,0.45,0.1,0.17,1237660025032278272,10,11.4,0.11,-999,-999,-10.46,0.24,0.28,"BOSS"
14470,"...","P",0.2,-0.01,0.02,-0.31,0.22,-0.15,0.07,1237663783679885824,3,10.15,0.16,-999,-999,-999,-999,0.33,"BOSS"
14481,"2006lj","S",0.24,-0.13,0.05,-1.06,0.4,0.28,0.14,1237663784198537472,0,11.21,0.12,8.93,0.03,-10.18,0.12,0.23,"BOSS"
14524,"...","P",0.27,0.07,0.05,-0.22,0.5,0.04,0.15,1237663783141835776,10,10.78,0.06,9,0.03,-9.05,0.07,0.33,"BOSS"
14784,"...","P",0.19,0.11,0.04,0.66,0.38,0.16,0.11,1237663457242514176,2,10.72,0.1,8.89,0.04,-9.73,0.1,0.28,"BOSS"
14846,"2006jn","S",0.22,-0.05,0.03,0.65,0.29,0.04,0.1,1237663784200765440,1,11.08,0.07,9.04,0.03,-9.58,0.07,0.21,"BOSS"
14965,"...","P",0.28,0.01,0.05,0.03,0.52,-0.27,0.14,1237663785279422976,1,10.01,0.11,8.5,0.17,-9.17,0.12,0.24,"BOSS"
15033,"...","P",0.22,0.07,0.06,-1.67,0.49,0.04,0.18,1237666339188637696,0,11.37,0.08,9.68,0.08,-999,-999,0.22,"BOSS"
15057,"2006md","P",0.25,-0.03,0.06,-2.38,0.58,0.25,0.18,1237666339726426624,1,9.59,0.11,8.36,0.26,-9.1,0.12,0.4,"BOSS"
15129,"2006kq","S",0.2,-0.07,0.03,-0.69,0.23,-0.03,0.09,1237663457240351232,1,10.97,0.08,8.98,0.04,-9.82,0.08,0.29,"SDSS"
15137,"...","P",0.28,-0.08,0.05,-0.69,0.47,0.08,0.14,1237663783121912576,2,10.42,0.13,8.72,0.07,-9.53,0.14,0.4,"BOSS"
15160,"...","P",0.25,0.13,0.05,-0.76,0.43,-0.19,0.14,1237657190367625984,1,10.24,0.09,9,0.04,-9.33,0.1,0.25,"BOSS"
15161,"2006jw","S",0.25,-0.08,0.04,-0.26,0.25,0,0.1,1237657587095765760,1,11.06,0.08,9.02,0.12,-9.91,0.1,0.14,"SDSS"
15198,"...","P",0.29,-0.07,0.03,0.28,0.35,0,0.11,1237663783675691776,1,9.57,0.14,8.77,0.2,-9.68,0.21,0.29,"BOSS"
15201,"2006ks","S",0.21,0.12,0.04,-1.25,0.48,0.3,0.12,1237663479260643584,0,11.31,0.1,8.86,0.31,-11.53,0.53,0.16,"BOSS"
15203,"2006jy","S",0.2,-0.01,0.03,1.16,0.28,0.01,0.08,1237663784204304896,3,10.22,0.08,-999,-999,-999,-999,0.45,"BOSS"
15219,"2006ka","S",0.25,-0.14,0.03,-0.15,0.39,0.08,0.1,1237666408457568512,2,11.08,0.09,8.85,0.04,-9.63,0.09,0.3,"BOSS"
15222,"2006jz","S",0.2,0.01,0.03,-1.33,0.29,-0.14,0.1,1237657191980204288,3,11.57,0.12,-999,-999,-999,-999,0.21,"SDSS"
15226,"...","P",0.29,0.09,0.07,-1.16,0.53,-0.27,0.18,1237657071698707200,3,10.68,0.12,-999,-999,-999,-999,0.45,"BOSS"
15234,"2006kd","S",0.14,0.13,0.03,0.9,0.21,0.25,0.07,1237663204921573632,1,10.52,0.07,9.08,0.05,-10,0.08,0.29,"SDSS"
15260,"...","P",0.25,0.15,0.04,1.33,0.45,-0.22,0.13,1237663478724494080,1,10.44,0.13,9,0.04,-9.65,0.13,0.32,"BOSS"
15268,"...","P",0.3,-0.11,0.04,0.51,0.67,0.09,0.16,1237663479261037312,1,9.51,0.07,8.53,0.12,-8.72,0.1,0.38,"BOSS"
15272,"...","P",0.28,0,0.05,-1.1,0.6,-0.29,0.15,1237663784193360128,0,11.66,0.09,8.97,0.03,-9.9,0.1,0.17,"BOSS"
15287,"2006kt","S",0.24,-0.03,0.03,1.09,0.31,0.11,0.09,1237656567043326976,3,10.62,0.17,-999,-999,-999,-999,0.35,"BOSS"
15301,"2006lo","P",0.18,-0.02,0.03,-0.33,0.23,0.05,0.08,1237663458316125440,1,10.12,0.09,9,0.05,-10.24,0.1,0.33,"BOSS"
15325,"...","P",0.21,0.04,0.04,-0.36,0.35,-0.04,0.1,1237663783137771776,0,10.95,0.1,9.8,0.08,-15.29,4059.13,0.33,"BOSS"
15347,"...","P",0.27,0,0.05,-0.85,0.44,-0.3,0.15,1237678617939543296,0,10.74,0.15,9.04,0.05,-10.51,0.16,0.38,"BOSS"
15356,"2006lm","S",0.27,-0.04,0.04,-0.64,0.5,-0.18,0.14,1237663543685088000,0,10.74,0.19,8.95,0.18,-11.34,0.6,0.38,"BOSS"
15365,"2006ku","S",0.19,-0.06,0.03,0.79,0.23,0.08,0.08,1237678617415450880,2,11.18,0.09,9,0.03,-9.7,0.09,0.19,"BOSS"
15419,"...","P",0.28,-0.07,0.04,-0.37,0.48,-0.03,0.13,1237663785279816192,3,9.74,0.18,-999,-999,-999,-999,0.52,"BOSS"
15421,"2006kw","S",0.19,-0.04,0.03,0.2,0.26,0.13,0.07,1237663784749039872,1,10.17,0.07,8.85,0.05,-9.66,0.08,0.35,"SDSS"
15425,"2006kx","S",0.16,0,0.03,0.98,0.17,-0.26,0.06,1237663239278231808,0,10.53,0.07,9,0.05,-11.14,0.19,0.6,"SDSS"
15433,"2006mt","S",0.22,-0.06,0.03,-0.06,0.27,0.01,0.09,1237663783667040512,2,10.81,0.09,8.82,0.07,-9.71,0.1,0.3,"BOSS"
15440,"2006lr","S",0.26,0.06,0.04,-0.56,0.53,-0.21,0.13,1237663784214790656,2,10.85,0.14,8.88,0.07,-10.18,0.16,0.3,"BOSS"
15443,"2006lb","S",0.18,-0.04,0.02,1.57,0.18,-0.09,0.06,1237660240313581824,1,10.34,0.06,8.92,0.04,-9.69,0.08,0.41,"SDSS"
15459,"2006la","S",0.13,0.11,0.03,0.38,0.22,0.47,0.07,1237656906346660096,1,9.08,0.07,8.55,0.07,-9.44,0.07,0.36,"BOSS"
15461,"2006kz","S",0.19,-0.11,0.03,-0.18,0.21,-0.01,0.07,1237663542607741952,1,10.52,0.08,9.05,0.06,-10.08,0.09,0.15,"BOSS"
15466,"2006mz","S",0.25,0.01,0.05,-1.05,0.4,-0.25,0.13,1237663543140550144,3,10.62,0.07,-999,-999,-999,-999,0.29,"BOSS"
15467,"...","S",0.21,-0.09,0.03,0.81,0.26,-0.02,0.08,1237663543141597952,1,10.43,0.05,9,0.03,-9.48,0.06,0.39,"SDSS"
15496,"...","P",0.23,-0.05,0.03,1.01,0.28,0.05,0.09,1237657191445627392,0,8.86,0.17,9.55,0.08,-13.5,1.31,0.3,"BOSS"
15508,"2006ls","S",0.13,-0.06,0.02,0.88,0.11,0,0.06,1237666407380549888,3,9.96,0.07,-999,-999,-999,-999,0.1,"BOSS"
15535,"...","P",0.2,0.04,0.04,-1.82,0.58,0.12,0.13,1237663783661339136,3,10.49,0.15,-999,-999,-999,-999,0.35,"BOSS"
15584,"2006nt","S",0.28,-0.05,0.04,0.39,0.42,-0.08,0.13,1237678437018042880,2,10.9,0.13,9.01,0.08,-9.05,0.15,0.19,"BOSS"
15587,"...","P",0.22,-0.01,0.04,-0.01,0.27,-0.04,0.09,1237660241926226176,2,10.7,0.07,8.97,0.03,-9.74,0.07,0.35,"SDSS"
15603,"...","P",0.26,0.12,0.06,-0.99,0.68,-0.2,0.18,1237663275778507264,2,10.49,0.15,8.79,0.1,-9.53,0.17,0.33,"BOSS"
15648,"2006ni","S",0.17,0.11,0.05,-1.38,0.35,-0.06,0.11,1237663543138845696,2,11.34,0.09,9.15,0.07,-12.74,0.26,0.37,"SDSS"
15663,"...","P",0.29,-0.04,0.05,-0.75,0.61,-0.22,0.17,1237678595932684544,1,10.55,0.14,9.05,0.06,-10.3,0.14,0.34,"BOSS"
15675,"...","P",0.23,-0.05,0.05,-0.65,0.44,0.09,0.13,1237663444905558528,0,10.94,0.12,8.7,0.27,-10.86,0.18,0.27,"BOSS"
15719,"...","P",0.27,-0.06,0.04,-0.65,0.44,-0.05,0.13,1237678437015486976,1,10.33,0.15,8.93,0.09,-9.6,0.16,0.37,"BOSS"
15755,"...","P",0.28,-0.02,0.04,-0.82,0.44,-0.17,0.14,1237666408441708800,2,10.34,0.1,8.93,0.02,-8.51,0.1,0.35,"BOSS"
15779,"...","P",0.26,-0.04,0.06,-0.08,0.73,0.5,0.2,1237666407362396672,1,10.51,0.09,9.02,0.06,-9.52,0.1,0.32,"BOSS"
15784,"...","P",0.28,0.02,0.05,0,0.48,-0.2,0.14,1237657190366904576,1,10.56,0.07,8.86,0.02,-9.83,0.08,0.24,"BOSS"
15806,"...","P",0.25,0.02,0.05,-1.95,0.56,-0.12,0.16,1237663783134167808,2,11.1,0.15,-999,-999,-9.25,0.16,0.27,"BOSS"
15829,"...","P",0.25,0.09,0.06,1.07,0.83,0.42,0.2,1237663456705316096,1,9.17,0.13,8.5,0.62,-8.59,0.16,0.47,"BOSS"
15850,"...","P",0.25,-0.07,0.05,-1.19,0.35,0,0.13,1237663275780538624,0,11.18,0.1,8.68,0.12,-10.55,0.2,0.27,"BOSS"
15866,"...","P",0.19,0,0.04,-0.93,0.31,-0.03,0.11,1237663480334909440,0,11.24,0.08,8.83,0.09,-10.78,0.13,0.19,"BOSS"
15868,"2006pa","S",0.25,-0.23,0.03,0.31,0.24,0.29,0.09,1237663783140328192,1,10.39,0.1,8.89,0.07,-9.17,0.12,0.14,"BOSS"
15872,"2006nb","S",0.21,-0.07,0.04,0.75,0.31,-0.06,0.09,1237663783676609024,1,9.66,0.09,8.92,0.04,-10.17,0.1,0.42,"BOSS"
15892,"...","P",0.18,0.18,0.06,-1.7,0.42,-0.15,0.13,1237678617401688832,1,10.83,0.06,8.96,0.03,-9.26,0.06,0.17,"BOSS"
15897,"2006pb","S",0.17,0.01,0.04,-2.41,0.26,-0.03,0.1,1237657189836587264,3,10.82,0.1,-999,-999,-999,-999,0.33,"BOSS"
15901,"2006od","S",0.2,-0.05,0.03,0.01,0.26,0.01,0.08,1237666407382647296,0,9.97,0.09,8.14,108.08,-4.62,0.56,0.2,"BOSS"
15909,"...","P",0.22,0.05,0.04,-1.09,0.33,-0.17,0.12,1237663204919148800,3,11.21,0.09,-999,-999,-999,-999,0.29,"BOSS"
15950,"...","P",0.22,0.05,0.05,-1.27,0.47,-0.23,0.14,1237663278467318016,2,11.34,0.05,9,0.03,-9.81,0.06,0.23,"SDSS"
16021,"2006nc","S",0.12,-0.04,0.02,-0.34,0.13,-0.05,0.06,1237663783666581760,1,10.14,0.07,8.99,0.03,-9.98,0.07,0.15,"BOSS"
16069,"2006nd","S",0.13,0.16,0.03,0.89,0.22,-0.06,0.06,1237656906346856704,1,10.84,0.05,8.98,0.03,-9.23,0.06,0.32,"SDSS"
16073,"2006of","S",0.15,-0.02,0.02,0.74,0.14,0.18,0.06,1237663782590349568,1,9.75,0.09,8.82,0.06,-9.34,0.09,0.28,"BOSS"
16099,"2006nn","S",0.2,0.02,0.02,2.04,0.4,0.11,0.08,1237663782598345216,1,10.66,0.09,8.53,0.33,-10.84,0.2,0.32,"SDSS"
16172,"...","P",0.22,0.1,0.06,0.81,0.59,0.15,0.16,1237663238205407744,1,11.06,0.08,8.95,0.07,-9.91,0.08,0.27,"SDSS"
16185,"2006ok","S",0.1,0.06,0.03,-2.23,0.21,0.01,0.07,1237663783667892992,0,9.72,0.09,8.48,0.2,-10.46,0.4,0.39,"BOSS"
16199,"...","P",0.28,0.06,0.06,0.33,0.74,-0.23,0.16,1237678595931177472,1,10.07,0.13,9.03,0.06,-9.94,0.15,0.33,"BOSS"
16219,"...","P",0.26,0.01,0.06,-0.9,0.61,0.02,0.18,1237663204916789504,2,11.17,0.11,-999,-999,-9.49,0.28,0.31,"BOSS"
16410,"...","P",0.29,-0.1,0.07,0.05,1.04,0.18,0.19,1237678617400181760,1,11.05,0.09,9.08,0.07,-10.2,0.11,0.28,"BOSS"
16462,"...","P",0.24,0.01,0.05,-1.38,0.44,-0.22,0.13,1237663783667958016,0,11.58,0.09,-999,-999,-8.3,0.3,0.29,"SDSS"
16467,"...","P",0.22,0.02,0.05,-1.83,0.47,-0.16,0.14,1237663479256711168,3,11.06,0.08,-999,-999,-999,-999,0.3,"BOSS"
16606,"...","P",0.23,0.16,0.08,-0.8,0.82,0.07,0.2,1237678617410208512,3,10.41,0.17,-999,-999,-999,-999,0.32,"BOSS"
16739,"...","P",0.27,-0.01,0.04,0.93,0.62,0.26,0.14,1237656567042277632,1,10.28,0.1,9.04,0.04,-9.5,0.11,0.42,"BOSS"
17168,"2007ik","S",0.19,-0.04,0.03,0.54,0.31,0.13,0.1,1237660024494883584,1,9.76,0.09,8.55,0.08,-9.21,0.1,0.23,"BOSS"
17186,"2007hx","S",0.08,0.11,0.02,0.65,0.15,0.3,0.07,1237666406845644800,2,10.77,0.06,8.62,0.07,-9.54,0.07,0.1,"SDSS"
17206,"...","P",0.16,0.11,0.04,-0.93,0.42,0.02,0.12,1237666301627465984,2,10.79,0.12,8.95,0.06,-9.75,0.13,0.34,"SDSS"
17215,"2007hy","S",0.18,0.02,0.04,0.3,0.42,-0.06,0.11,1237666302168203520,3,11.33,0.08,-999,-999,-9.3,0.15,0.14,"SDSS"
17218,"2007jp","S",0.18,-0.08,0.03,-0.79,0.41,-0.02,0.1,1237657190903513344,1,10.16,0.07,8.98,0.03,-9.51,0.07,0.35,"BOSS"
17220,"2007ji","S",0.18,0.13,0.03,1.86,0.29,-0.19,0.09,1237657190909476864,2,10.86,0.13,9.1,0.04,-10.25,0.14,0.32,"BOSS"
17332,"2007jk","S",0.18,0.04,0.03,-0.21,0.28,-0.12,0.1,1237660339089900032,2,10.6,0.12,9.11,0.12,-10.22,0.13,0.34,"SDSS"
17340,"2007kl","S",0.26,-0.01,0.04,-0.1,0.44,-0.17,0.14,1237666408460452096,0,11.44,0.11,8.99,0.1,-10.54,0.12,0.21,"SDSS"
17366,"2007hz","S",0.14,-0.09,0.03,0.57,0.17,-0.07,0.07,1237663542066020608,10,10.97,0.06,8.98,0.06,-9.95,0.06,0.19,"SDSS"
17374,"...","P",0.25,-0.07,0.04,0.25,0.66,-0.01,0.16,1237663542067659008,3,11.07,0.14,-999,-999,-999,-999,0.15,"BOSS"
17389,"2007ih","S",0.17,0.06,0.03,1.13,0.38,0.27,0.1,1237666185626256640,1,9.89,0.08,8.81,0.05,-9.36,0.09,0.26,"BOSS"
17393,"...","P",0.22,0.01,0.06,-0.84,1.01,0.1,0.23,1237657189818041344,1,9.65,0.12,8.69,0.14,-9.35,0.15,0.25,"BOSS"
17408,"...","P",0.24,-0.03,0.05,0.33,0.74,0.03,0.19,1237663544214160128,2,11.2,0.09,8.91,0.13,-11.04,0.2,0.19,"BOSS"
17423,"...","P",0.27,-0.17,0.04,-0.21,0.71,0.27,0.16,1237663783117390080,0,10.97,0.13,9.09,0.04,-9.86,0.13,0.35,"BOSS"
17433,"...","P",0.29,0.06,0.06,1.04,0.87,-0.04,0.23,1237657190906593792,1,9.5,0.17,8.58,0.18,-9.47,0.21,0.39,"BOSS"
17497,"2007jt","S",0.14,0.04,0.02,0.91,0.13,-0.03,0.06,1237663237122687232,1,10.43,0.05,9,0.04,-9.47,0.07,0.23,"SDSS"
17552,"2007jl","S",0.25,-0.01,0.04,1.34,0.42,0.08,0.13,1237657189814960896,2,10.69,0.11,8.84,0.04,-9.56,0.11,0.25,"BOSS"
17586,"...","P",0.27,0.11,0.07,-0.67,1.11,-0.47,0.26,1237656567582819072,3,10.51,0.09,-999,-999,-999,-999,0.22,"BOSS"
17605,"2007js","S",0.15,0.02,0.04,0.81,0.36,0.01,0.1,1237663479248193024,3,10.84,0.05,-999,-999,-999,-999,0.44,"SDSS"
17629,"2007jw","S",0.14,0.06,0.03,-0.35,0.15,-0.15,0.07,1237663782600179968,2,11.2,0.06,9.06,0.03,-10.02,0.07,0.24,"SDSS"
17748,"...","P",0.18,0.17,0.04,1.17,0.55,0.31,0.14,1237663783664812288,1,9.99,0.07,8.82,0.06,-9.19,0.09,0.18,"BOSS"
17773,"...","P",0.29,-0.13,0.05,-1.02,0.66,0.03,0.17,1237663783675101440,1,9.84,0.11,8.94,0.08,-8.95,0.13,0.36,"BOSS"
17809,"2007kr","S",0.29,0.01,0.03,1.63,0.45,-0.08,0.12,1237663783126434560,1,9.84,0.12,8.78,0.11,-8.96,0.15,0.32,"BOSS"
17884,"2007kt","S",0.24,-0.12,0.03,0.71,0.28,0.04,0.1,1237678617429934592,1,10.45,0.08,9.12,0.05,-9.89,0.09,0.19,"BOSS"
17899,"...","P",0.29,0.02,0.05,1.07,0.5,-0.2,0.17,1237657190902465024,1,9.84,0.12,8.56,0.13,-9.18,0.14,0.43,"BOSS"
17908,"...","P",0.23,0.04,0.06,-1.11,0.58,0.21,0.19,1237663543678992896,0,10.98,0.1,9.17,0.08,-12.24,0.26,0.32,"BOSS"
17928,"...","P",0.2,0.24,0.05,-0.42,0.45,-0.24,0.14,1237657192515174656,0,11.09,0.09,8.86,0.04,-9.65,0.1,0.26,"BOSS"
17949,"...","P",0.26,0.06,0.05,-0.33,0.7,0.04,0.2,1237663783673332224,10,10.3,0.12,-999,-999,-11.08,0.27,0.33,"BOSS"
17958,"...","P",0.28,-0.07,0.04,1.12,0.61,0.27,0.16,1237663783138755072,10,9.67,0.15,-999,-999,-9.65,0.39,0.51,"SDSS"
18011,"...","P",0.28,0.21,0.07,0.58,1.01,-0.16,0.26,1237663784191525888,2,10.62,0.08,9.02,0.04,-10.05,0.09,0.26,"BOSS"
18030,"2007kq","S",0.16,-0.05,0.03,-0.58,0.25,0.18,0.08,1237663783662649600,1,9.66,0.05,8.52,0.05,-8.97,0.05,0.53,"SDSS"
18049,"...","P",0.29,-0.06,0.06,1.07,0.85,0.1,0.21,1237663783663305216,1,10.12,0.11,8.83,0.07,-9.14,0.12,0.33,"BOSS"
18083,"...","P",0.29,0.13,0.07,-1.12,0.76,-0.35,0.22,1237663782602670592,3,9.61,0.15,-999,-999,-999,-999,0.53,"BOSS"
18189,"...","P",0.29,0.17,0.07,-0.77,0.82,-0.34,0.23,1237663783677133056,1,11.09,0.07,8.97,0.03,-9.4,0.07,0.26,"BOSS"
18201,"...","P",0.29,0.04,0.06,1,0.89,-0.09,0.21,1237663783144390912,1,10.98,0.08,8.87,0.06,-9.1,0.09,0.28,"SDSS"
18253,"...","P",0.28,0.03,0.08,-1.48,0.65,-0.11,0.22,1237656906348757504,1,10.34,0.1,9.08,0.06,-9.38,0.11,0.37,"BOSS"
18276,"...","P",0.28,0.13,0.06,0.82,0.7,-0.22,0.19,1237666407363117824,1,9.95,0.13,8.84,0.1,-9.07,0.15,0.29,"BOSS"
18283,"...","P",0.3,0.12,0.07,-1.7,0.65,-0.44,0.22,1237657070090781184,2,11.03,0.07,9.13,0.03,-9.44,0.07,0.28,"BOSS"
18323,"2007kx","S",0.15,-0.04,0.03,0.21,0.22,0.16,0.08,1237657191980466944,1,9.36,0.09,8.62,0.11,-9.36,0.11,0.35,"BOSS"
18324,"...","P",0.27,0.08,0.06,-0.45,0.61,-0.11,0.2,1237678434327921408,0,9.78,0.16,251.83,341.32,-10.68,0.8,0.44,"BOSS"
18325,"2007mv","S",0.26,-0.07,0.04,0.41,0.39,0.05,0.13,1237657191445954816,10,11.51,0.15,8.79,0.08,-9.74,0.15,0.18,"BOSS"
18333,"...","P",0.25,0.16,0.06,-0.87,0.6,-0.28,0.19,1237666340800823552,1,10.49,0.08,8.94,0.03,-9.32,0.09,0.28,"BOSS"
18362,"...","P",0.24,0.02,0.05,-1.04,0.42,-0.06,0.15,1237657190909673728,1,10.72,0.09,8.93,0.06,-9.84,0.1,0.32,"BOSS"
18415,"2007la","S",0.13,-0.09,0.03,-1.63,0.17,0.04,0.07,1237678617407979776,3,10.99,0.09,-999,-999,-999,-999,0.43,"SDSS"
18456,"2007lk","S",0.22,0.05,0.03,0.56,0.33,-0.26,0.1,1237663783673397504,10,10.79,0.12,8.96,0.07,-10.82,0.14,0.35,"BOSS"
18463,"2007kv","S",0.27,-0.03,0.04,0.97,0.42,-0.02,0.14,1237663784741961984,1,10.24,0.1,9.02,0.04,-9.47,0.11,0.33,"BOSS"
18588,"...","P",0.25,0.17,0.07,1.53,1.02,0.4,0.25,1237660024494358784,1,9.59,0.08,8.64,0.08,-8.51,0.09,0.36,"BOSS"
18602,"2007lo","S",0.14,0.06,0.03,0.91,0.19,0.06,0.07,1237663479798104832,3,9.3,0.11,-999,-999,-999,-999,0.31,"BOSS"
18604,"2007lp","S",0.18,-0.04,0.03,-2.1,0.22,0.17,0.07,1237663479798956288,3,11.05,0.08,-999,-999,-999,-999,0.32,"BOSS"
18650,"2007lt","S",0.11,-0.04,0.02,0.89,0.12,0.15,0.06,1237663479256646144,0,8.91,0.08,8.53,0.12,-9.41,0.09,0.38,"BOSS"
18697,"2007ma","S",0.11,0,0.02,0.75,0.12,-0.05,0.06,1237657189836390656,1,10.52,0.05,8.97,0.03,-9.58,0.05,0.26,"SDSS"
18740,"2007mc","S",0.15,0.03,0.02,-0.04,0.13,-0.16,0.06,1237663785278505216,1,10.66,0.09,8.92,0.07,-9.67,0.09,0.19,"BOSS"
18749,"2007mb","S",0.19,0.06,0.03,-1.41,0.39,-0.07,0.1,1237663204919672832,3,11.17,0.08,-999,-999,-999,-999,0.24,"BOSS"
18787,"2007mf","S",0.19,0.04,0.03,0.18,0.45,0.35,0.1,1237657069549519104,2,11.07,0.13,8.96,0.1,-10.22,0.15,0.17,"BOSS"
18804,"2007me","S",0.2,-0.06,0.02,0.91,0.2,-0.11,0.07,1237666407379763712,3,10.3,0.08,-999,-999,-999,-999,0.14,"BOSS"
18809,"2007mi","S",0.13,-0.08,0.03,-1.17,0.18,-0.01,0.11,1237666301629563136,10,11.14,0.09,-999,-999,-11.17,0.34,0.38,"SDSS"
18835,"2007mj","S",0.12,-0.01,0.03,0.76,0.11,-0.05,0.06,1237666301093937408,3,10.79,0.1,-999,-999,-999,-999,0.31,"SDSS"
18855,"2007mh","S",0.13,-0.03,0.03,0.25,0.15,0.02,0.06,1237666301091709440,2,10.37,0.06,9.09,0.08,-9.98,0.07,0.29,"SDSS"
18940,"2007sb","S",0.21,-0.02,0.03,-0.88,0.23,-0.1,0.08,1237657191446610176,1,10.23,0.08,8.98,0.06,-9.82,0.09,0.16,"BOSS"
18965,"2007ne","S",0.21,-0.12,0.03,-0.61,0.23,0.05,0.09,1237666340798202112,3,10.63,0.12,9.12,0.04,-9.96,0.13,0.27,"BOSS"
18971,"...","P",0.27,0.05,0.06,-1.51,0.62,-0.03,0.18,1237680099166912768,0,11.19,0.16,9.09,0.08,-10.44,0.22,0.28,"BOSS"
19000,"...","P",0.29,-0.06,0.04,0.86,0.38,-0.09,0.12,1237657070089994752,10,9.89,0.13,-999,-999,-9.11,0.14,0.4,"BOSS"
19002,"2007nh","S",0.27,-0.09,0.03,0.34,0.32,-0.07,0.1,1237657070092025856,3,10.72,0.09,-999,-999,-999,-999,0.43,"BOSS"
19027,"2007my","S",0.29,0,0.03,0.55,0.56,-0.36,0.14,1237656568119231232,1,9.59,0.14,8.37,0.27,-9.01,0.15,0.37,"BOSS"
19051,"2007nb","S",0.28,-0.04,0.03,0.73,0.3,-0.06,0.09,1237663277923959040,3,11.29,0.11,-999,-999,-999,-999,0.3,"BOSS"
19052,"...","P",0.29,-0.06,0.08,-1.71,0.76,0.1,0.25,1237663277924811264,3,10.13,0.15,-999,-999,-999,-999,0.2,"BOSS"
19149,"2007ni","S",0.21,-0.02,0.03,1.05,0.19,-0.42,0.07,1237663783674315008,1,9.61,0.1,8.71,0.08,-8.97,0.11,0.33,"BOSS"
19274,"...","P",0.25,0.07,0.05,-0.42,0.81,0.17,0.18,1.237666407366e+18,1,10.05,0.12,9.07,0.06,-9.59,0.13,0.39,"BOSS"
19341,"2007nf","S",0.24,0.01,0.04,-1.48,0.36,-0.1,0.13,1237666339725508864,3,11.02,0.09,9.65,0.09,-15.1,2.03,0.34,"BOSS"
19347,"...","P",0.26,-0.01,0.04,-0.28,0.51,0.14,0.13,1237657071160590848,10,9.71,0.14,8.33,0.47,-9.23,0.17,0.21,"BOSS"
19353,"2007nj","S",0.15,0.04,0.03,0.91,0.21,-0.01,0.07,1237657586562105600,1,11,0.06,8.88,0.06,-9.61,0.07,0.2,"SDSS"
19414,"...","P",0.29,0.2,0.07,1.31,1.15,-0.06,0.28,1237663479258022912,2,11.19,0.14,9.24,0.1,-12.14,0.19,0.25,"BOSS"
19616,"2007ok","S",0.17,-0.03,0.03,0.14,0.19,-0.07,0.06,1237663784213610752,1,11.04,0.05,8.99,0.02,-9.17,0.05,0.35,"SDSS"
19652,"...","P",0.25,0.22,0.07,-0.99,0.67,-0.28,0.18,1237663278459322880,1,10.15,0.1,8.79,0.08,-9.31,0.11,0.2,"BOSS"
19708,"...","P",0.24,-0.04,0.04,-0.91,0.31,-0.4,0.1,1237657587098583296,3,10.91,0.09,-999,-999,-999,-999,0.42,"BOSS"
19723,"...","P",0.26,-0.02,0.04,-0.44,0.37,0.03,0.11,1237663543686725888,1,10.16,0.09,9,0.03,-8.56,0.1,0.36,"BOSS"
19769,"...","P",0.25,0.17,0.05,-0.4,0.62,-0.34,0.15,1237656906350919936,1,10.28,0.12,8.95,0.05,-9.71,0.13,0.27,"BOSS"
19775,"2007pc","S",0.14,0.09,0.03,-0.22,0.2,-0.03,0.07,1237678617399853568,0,10.49,0.11,8.9,0.05,-10.09,0.12,0.35,"BOSS"
19821,"...","P",0.27,-0.1,0.05,-0.91,0.43,0.15,0.16,1237663278463189760,2,10.54,0.12,9.01,0.1,-10.31,0.15,0.4,"BOSS"
19969,"2007pt","S",0.18,0.02,0.03,0.06,0.25,-0.08,0.07,1237663783674511360,1,10.37,0.07,9.02,0.03,-9.11,0.08,0.49,"SDSS"
19990,"2007ps","S",0.25,-0.09,0.04,-1.28,0.35,0.05,0.12,1237663783675757056,0,10.63,0.18,9.24,0.14,-12.23,0.32,0.39,"BOSS"
20033,"...","P",0.25,0.08,0.04,-0.85,0.54,-0.2,0.13,1237663783133708800,0,10.62,0.09,9.11,0.17,-11.31,0.15,0.38,"BOSS"
20040,"2007rf","S",0.29,-0.11,0.05,1.14,0.73,0,0.16,1237678617404179712,3,10.26,0.14,-999,-999,-999,-999,0.46,"BOSS"
20046,"...","P",0.26,0.01,0.04,1.64,0.53,0.06,0.13,1.237663544216e+18,1,10.03,0.1,8.97,0.05,-9,0.12,0.44,"BOSS"
20048,"2007pq","S",0.19,0.01,0.04,-0.68,0.52,0.07,0.12,1237663544223793408,1,10.86,0.09,9.3,0.13,-13.66,0.53,0.37,"BOSS"
20051,"2007pv","S",0.24,0,0.04,2.94,0.74,0.33,0.15,1237678595929801216,1,9.95,0.08,8.82,0.04,-9.19,0.08,0.32,"BOSS"
20084,"2007pd","S",0.14,0.14,0.03,0.07,0.29,0.1,0.08,1237666407363444736,1,9.19,0.1,8.71,0.05,-9.3,0.1,1.93,"BOSS"
20088,"...","S",0.24,-0.14,0.03,-0.22,0.22,0,0.08,1237663204919935232,2,11.38,0.11,9.05,0.06,-10.47,0.11,0.22,"BOSS"
20111,"2007pw","S",0.24,0.01,0.04,0,0.61,0.03,0.14,1237666408439940096,0,10.93,0.12,8.92,0.1,-11.02,0.18,0.23,"BOSS"
20125,"...","P",0.17,0.05,0.03,-0.74,0.22,-0.18,0.08,1237663785282371584,3,11.03,0.06,-999,-999,-999,-999,0.3,"BOSS"
20185,"...","P",0.25,0.06,0.08,0.56,1.16,0.66,0.24,1237678617419186176,1,10.55,0.08,8.94,0.04,-8.97,0.09,0.34,"BOSS"
20227,"2007qi","S",0.28,-0.15,0.04,-1.15,0.55,0.12,0.15,1237657190900433664,2,11.05,0.17,9.05,0.09,-10.23,0.19,0.16,"BOSS"
20232,"...","P",0.22,0.01,0.04,-1.05,0.56,-0.23,0.12,1237657190908297472,0,11.21,0.11,9.27,16.43,-8.71,0.12,0.28,"BOSS"
20364,"2007qo","S",0.22,0.04,0.02,0.31,0.74,-0.05,0.13,1237657069547815424,3,10.39,0.08,-999,-999,-999,-999,0.36,"BOSS"
20376,"2007re","S",0.21,0.16,0.04,-1.19,0.44,-0.45,0.11,1237663542604465664,3,10.72,0.14,-999,-999,-999,-999,0.33,"BOSS"
20467,"...","P",0.27,-0.07,0.04,0.96,0.54,0.29,0.14,1237663785279881472,10,9.91,0.11,8.84,0.08,-9.59,0.13,0.4,"BOSS"
20545,"...","P",0.19,0.17,0.03,-1.66,0.5,-0.15,0.1,1237663542609248768,3,10.52,0.08,-999,-999,-999,-999,0.22,"BOSS"
20663,"...","P",0.3,-0.06,0.06,-0.1,0.46,0.02,0.19,1237663204921377280,1,10.81,0.13,8.85,0.06,-9.22,0.14,0.29,"BOSS"
20687,"2007ri","S",0.19,0.14,0.05,-0.65,0.74,-0.2,0.14,1237666340799643904,1,10.98,0.07,9.12,0.03,-9.89,0.07,0.2,"BOSS"
20721,"...","P",0.21,0.22,0.05,-0.5,0.82,-0.01,0.16,1237663542606103296,1,10.47,0.08,9.01,0.02,-9.28,0.08,0.33,"SDSS"
20744,"...","P",0.28,0.01,0.05,-0.41,0.89,-0.27,0.19,1237666408436531456,3,11.03,0.12,-999,-999,-999,-999,0.33,"BOSS"
20768,"2007qq","S",0.24,0.07,0.06,-0.78,1.17,0.32,0.2,1237657584950379264,0,11.02,0.09,-999,-999,-10.12,0.14,0.12,"BOSS"
21858,"...","P",0.27,0.13,0.08,-1.58,1.43,0.06,0.32,1237657192516419840,3,11.14,0.1,-999,-999,-999,-999,0.24,"BOSS"
