"bpt","logM200","r_r200","zoo"
0,-0.257199743,-0.960218978,"E"
0,-0.239955331,-0.957190986,"E"
1,-1.217851469,-0.860219744,"E"
0,-0.387050168,-0.805846223,"E"
1,-0.418366021,-0.85519834,"E"
0,-1.143148675,-0.975864079,"E"
0,-1.143148675,-1.035847805,"E"
0,-0.072236176,-0.964835196,"E"
1,-0.770014079,-0.757996334,"E"
1,1.110178694,-0.707351579,"E"
1,-0.982879106,-0.978682525,"E"
0,0.001362977,-0.931813475,"E"
0,-0.036643708,-0.841154938,"E"
1,-0.450061251,-0.975333271,"E"
1,-0.032987893,-0.723309973,"E"
0,1.562361676,-0.603055338,"E"
1,1.562361676,-0.616265067,"E"
0,-1.209470685,-0.859473711,"E"
1,-0.719039596,-0.77525,"E"
0,-0.719039596,-0.997559216,"E"
1,-0.34504278,-0.512723582,"E"
1,-0.00284466,-0.408072521,"E"
1,-0.00284466,-0.752622076,"E"
1,0.826370155,-0.926728155,"E"
0,0.639164814,-0.777269018,"E"
1,-0.809883161,-0.928594327,"E"
0,-0.494931212,-0.960361912,"E"
1,-0.858443426,-0.736455277,"E"
0,-0.511589315,-1.014307999,"E"
0,-1.483691331,-0.968115201,"E"
0,-0.685792369,-0.793927132,"E"
0,-0.628471942,-0.854370555,"E"
0,1.624027695,-0.687829552,"E"
1,1.624027695,-0.481358131,"E"
0,-0.394879132,-0.954195695,"E"
1,0.570428586,-0.88986311,"E"
0,-0.277375706,-0.893500805,"E"
0,-0.277375706,-0.645645042,"E"
0,0.104691496,-0.666293516,"E"
0,-0.780602148,-0.810313474,"E"
0,-1.3387348,-0.904714641,"E"
1,-1.258996637,-0.517253053,"E"
1,-0.46389127,-0.976914095,"E"
0,-0.209225788,-1.036951721,"E"
0,0.422023173,-0.508849067,"E"
0,0.065374235,-0.752761016,"E"
1,1.572673835,-0.845802888,"E"
0,-0.269477765,-0.829189842,"E"
0,0.367599807,-0.955932351,"E"
0,-1.155426696,-0.97714852,"E"
0,0.207502682,-0.52599159,"E"
0,-1.198020395,-0.54724452,"E"
0,-1.576052404,-0.804840037,"E"
1,-0.72362661,-0.940761517,"E"
1,-0.96484145,-0.933630415,"E"
0,-0.37146122,-0.812293856,"E"
0,0.565979528,-0.801796261,"E"
1,-0.963841275,-0.999413295,"E"
0,-0.549423556,-0.979439574,"E"
1,1.248271949,-0.914957378,"E"
1,1.248271949,-0.54118124,"E"
0,1.248271949,-0.57738282,"E"
0,1.951499087,-0.436037176,"E"
0,1.951499087,-0.825908695,"E"
0,0.215262668,-0.939568309,"E"
1,0.926215303,-0.978849233,"E"
0,0.926215303,-0.836789501,"E"
1,-0.01839912,-0.847732146,"E"
1,-0.01839912,-1.036676996,"E"
0,-1.488830166,-0.9921992,"E"
0,0.573463602,-0.612282159,"E"
1,-0.921040643,-0.742733058,"E"
0,-0.921040643,-0.899543807,"E"
0,1.699834132,-0.901956406,"E"
0,1.699834132,-0.429783159,"E"
0,-1.13859615,-1.000525238,"E"
0,-0.999226809,-0.68585269,"E"
1,-0.999226809,-0.825628851,"E"
0,-0.746492701,-0.990819131,"E"
0,-1.200986434,-1.017329208,"E"
0,0.447682858,-0.817555066,"E"
0,2.073830948,-0.94254563,"E"
0,-0.617849384,-0.811033957,"E"
1,1.660585849,-0.597957075,"E"
1,-0.12286577,-0.913851002,"E"
0,1.268551378,-0.907865354,"E"
0,-0.043506985,-0.961937442,"E"
0,0.953220052,-0.868316201,"E"
1,0.427541385,-0.721355078,"E"
0,0.427541385,-0.449430996,"E"
0,-1.091415438,-0.853452112,"E"
1,-1.001434094,-0.228720117,"E"
0,1.533322086,-0.860891167,"E"
1,-0.388015856,-0.951631853,"E"
1,-0.290033104,-1.004212844,"E"
0,-0.290033104,-0.878838575,"E"
1,-0.208811922,-0.878513323,"E"
0,-0.297551668,-0.943529887,"E"
0,-0.339248657,-1.019503511,"E"
0,-1.330147083,-0.771685266,"E"
0,0.1682544,-0.817460091,"E"
0,0.523454807,-0.91015674,"E"
1,-1.076516265,-1.006003793,"E"
1,0.002087242,-0.586315881,"E"
0,-1.181500248,-1.02113319,"E"
1,-1.086897401,-0.649805742,"E"
1,1.314387026,-0.747140562,"E"
0,-0.646406131,-0.758669535,"E"
0,-0.05478483,-0.641064413,"E"
0,-1.036026385,-1.043756895,"E"
1,0.29679425,-0.771501421,"E"
0,1.11411042,-0.836110772,"E"
1,0.178601047,-0.599749684,"E"
0,1.101901376,-0.856941747,"E"
1,0.697657861,-0.867597079,"E"
0,1.097762717,-0.724323706,"E"
0,1.156704119,-0.671925696,"E"
1,-1.147804666,-0.729297856,"E"
1,-1.504867469,-1.002198175,"E"
0,0.194189996,-0.930418484,"E"
0,-0.337903593,-0.388878422,"E"
0,0.390603853,-0.894499151,"E"
1,-0.868376207,-0.825085021,"E"
0,1.660585849,-0.661410492,"E"
0,1.660585849,-0.449918198,"E"
0,1.660585849,-0.948687076,"E"
0,1.660585849,-0.746029337,"E"
0,0.056096742,-0.859981458,"E"
1,0.27537669,-0.455644045,"E"
0,-0.916246696,-0.794734489,"E"
0,-1.397745179,-0.458239476,"E"
0,-1.397745179,-0.69958452,"E"
0,-1.397745179,-0.847369799,"E"
0,0.87817237,-0.832773613,"E"
0,1.016058691,-0.785568419,"E"
0,-0.302345615,-0.953258252,"E"
1,1.011644122,-0.630500466,"E"
1,0.351355571,-0.965963129,"E"
0,0.351355571,-0.903940121,"E"
0,-1.14680449,-0.88683879,"E"
0,-0.231815968,-0.799343433,"E"
1,0.782879747,-0.8020521,"E"
1,0.520695701,-0.930518277,"E"
0,0.924663306,-0.942560182,"E"
0,0.252372644,-0.59547146,"E"
1,-0.330729918,-0.901654602,"E"
1,-0.547768092,-0.860955796,"E"
1,-0.547768092,-0.725501154,"E"
1,-1.38864013,-0.620128496,"E"
0,1.097762717,-0.380542593,"E"
1,1.156704119,-0.930283975,"E"
0,1.156704119,-0.982894734,"E"
1,1.156704119,-0.904886729,"E"
1,0.219780704,-0.623920858,"E"
1,0.219780704,-0.722848526,"E"
1,0.176152341,-0.782713876,"E"
0,-1.097864848,-0.312580496,"E"
0,0.224402207,-0.438262047,"E"
1,-1.099382356,-1.002063567,"E"
0,-1.099382356,-0.990499181,"E"
1,-0.285032225,-0.838373864,"E"
1,-0.285032225,-0.694246916,"E"
0,0.822369451,-0.992099001,"E"
1,0.830888191,-1.033973099,"E"
1,0.830888191,-0.854206819,"E"
1,-1.228956871,-0.962183159,"E"
0,1.20978242,-0.569744379,"E"
1,1.453997789,-0.806820015,"E"
0,1.453997789,-0.701084779,"E"
1,0.143387957,-0.721460236,"E"
0,-1.416610567,-0.839193966,"E"
0,-1.416610567,-0.850539537,"E"
0,-0.304139034,-0.997409724,"E"
1,0.572566893,-0.900370362,"E"
1,0.338008396,-0.953300344,"E"
0,-1.139320415,-0.984911719,"E"
0,0.338008396,-0.84460992,"E"
0,0.515143,-0.9750502,"E"
0,0.774740384,-0.655912658,"E"
1,0.774740384,-0.360461111,"E"
1,1.491694074,-1.033341461,"E"
1,0.338008396,-0.709690456,"E"
1,-0.324866817,-0.542532014,"E"
0,1.904076952,-0.600029232,"E"
1,-0.813952842,-0.948616008,"E"
0,-0.813952842,-0.775880925,"E"
1,-1.160841442,-0.938867148,"E"
0,0.924663306,-0.257707514,"E"
0,-0.580187587,-0.911325391,"E"
1,-0.142179512,-0.742190471,"E"
1,-0.142179512,-0.336267371,"E"
0,-0.580187587,-0.840656908,"E"
1,-0.193360928,-1.00835164,"E"
0,1.003263337,-1.002030369,"E"
0,0.860341647,-0.681827261,"E"
0,-1.286829119,-1.022165796,"E"
0,0.680827314,-0.734035783,"E"
1,0.009709272,-0.553074456,"E"
0,-1.304073531,-0.6484378,"E"
1,-1.23426815,-0.773628868,"E"
0,-0.494931212,-0.863449908,"E"
0,0.609538913,-0.863582549,"E"
1,0.508245235,-0.848890047,"E"
0,0.714350452,-0.56291175,"E"
1,0.401088456,-0.66287822,"E"
1,0.366082299,-0.848644696,"E"
1,0.366082299,-0.938485477,"E"
0,0.366082299,-0.888018985,"E"
0,1.313145428,-0.608165472,"E"
1,-0.534524383,-0.809827213,"E"
0,2.190851531,-0.953744452,"E"
0,-1.39126128,-0.807818719,"E"
1,-0.389257453,-1.03898926,"E"
1,-1.175706125,-0.969221503,"E"
0,-1.335423873,-0.996888161,"E"
0,-0.974601788,-0.619222222,"E"
0,-0.522694716,-0.921241736,"E"
1,-0.227194465,-0.82519528,"E"
0,-1.337734624,-0.743051831,"E"
0,1.010850879,-0.946712243,"E"
0,1.010850879,-0.909407931,"E"
0,1.010850879,-0.802773201,"E"
0,1.010850879,-0.420028105,"E"
0,-0.946734817,-0.92900496,"E"
1,-1.488209367,-0.871848871,"E"
1,1.546289884,-0.770167256,"E"
0,-1.373051181,-0.914107,"E"
1,-0.118313246,-0.772216581,"E"
1,0.395949621,-0.333525957,"E"
1,0.395949621,-0.844979586,"E"
0,-0.695414751,-0.900904411,"E"
0,-0.72097097,-0.676659673,"E"
1,0.036507089,-0.764706,"E"
0,0.036507089,-0.690315379,"E"
1,-1.380086901,-0.784819876,"E"
1,-1.380086901,-0.878772389,"E"
1,0.55270133,-0.632937818,"E"
0,-0.348112285,-1.014055727,"E"
0,-0.146835504,-1.000495488,"E"
0,1.852999003,-0.829076031,"E"
0,0.95653098,-1.009514316,"E"
0,1.852999003,-0.296606987,"E"
1,0.95653098,-0.781580114,"E"
0,2.139670115,-0.741702238,"E"
0,-0.473548141,-1.01172088,"E"
1,0.778223755,-0.655716055,"E"
0,-0.025641773,-0.619413962,"E"
1,-0.846096427,-0.951680981,"E"
0,-0.395361975,-0.870797587,"E"
1,0.760427522,-0.839881503,"E"
0,-0.695414751,-0.810754008,"E"
1,0.641130677,-0.473391792,"E"
0,-0.61650432,-0.867497683,"E"
1,-1.211505526,-0.721308771,"E"
0,0.502313157,-0.784695973,"E"
1,-1.505246846,-0.944183896,"E"
0,-0.342145719,-0.489321691,"E"
0,-0.861099065,-0.796073528,"E"
0,2.539395594,-0.55673608,"E"
0,0.661513572,-0.962377615,"E"
1,-0.045438359,-0.805174797,"E"
1,0.349148286,-0.93401977,"E"
1,1.734150513,-0.893893484,"E"
1,1.734150513,-0.786446661,"E"
1,-0.348905528,-0.861925686,"E"
1,-1.108763316,-1.006296323,"E"
1,0.316211458,-1.0283156,"E"
1,-1.348357182,-0.953368846,"E"
1,1.407989696,-0.690461198,"E"
0,-0.509864874,-0.793080536,"E"
1,-0.159803302,-0.960387704,"E"
0,1.268585867,-0.570275933,"E"
0,1.268585867,-1.001494093,"E"
1,1.268585867,-0.661307475,"E"
1,-0.03160834,-0.799872779,"E"
1,0.571946094,-0.560102698,"E"
1,-0.746492701,-0.866078052,"E"
1,0.580809722,-0.905800259,"E"
1,-0.033815625,-0.767412606,"E"
0,0.792812528,-0.96693554,"E"
1,0.792812528,-0.874533953,"E"
1,-0.845751538,-0.980644138,"E"
1,-0.402225251,-0.960076579,"E"
1,-0.402225251,-0.763320311,"E"
0,0.443578688,-0.654063406,"E"
1,0.800882913,-0.951307557,"E"
1,-0.441508023,-0.776699173,"E"
1,-0.441508023,-0.307850638,"E"
1,2.298146265,-0.966026702,"E"
0,2.298146265,-0.825051612,"E"
1,0.951840499,-0.771319755,"E"
0,2.298146265,-0.78391343,"E"
1,0.951840499,-0.66709612,"E"
1,1.63561594,-1.008163239,"E"
0,0.644441604,-0.774733439,"E"
0,0.644441604,-0.748558778,"E"
0,1.63561594,-0.949273668,"E"
1,0.433714884,-0.585294928,"E"
1,-0.807089566,-0.86367869,"E"
1,0.433714884,-0.818159436,"E"
0,-0.317762119,-0.995718223,"E"
1,-0.810434982,-0.695719395,"E"
1,-0.810434982,-0.559198932,"E"
0,1.252376119,-0.969406109,"E"
0,1.252376119,-0.657149167,"E"
0,1.218921959,-0.505579974,"E"
0,-0.145111062,-0.923567833,"E"
0,-0.145111062,-0.735372439,"E"
1,-0.672376216,-1.019141826,"E"
0,-0.690344894,-1.035643973,"E"
1,0.175186654,-0.736402108,"E"
1,0.175186654,-0.947684721,"E"
1,0.837130668,-0.751110975,"E"
0,2.539395594,-0.588402547,"E"
0,2.539395594,-0.634242664,"E"
1,1.301729627,-0.773571845,"E"
0,-0.558839005,-0.810507263,"E"
0,0.772050256,-0.796367201,"E"
0,-0.636645794,-0.923981053,"E"
1,-0.199258517,-0.899688857,"E"
1,-0.199258517,-0.970702416,"E"
1,-0.071477421,-0.993784448,"E"
0,0.046301915,-0.959732358,"E"
1,-1.51131688,-0.916221221,"E"
1,-1.375086022,-0.956278784,"E"
1,-0.226366734,-0.438462749,"E"
1,-0.893104695,-0.9808585,"E"
1,-0.893104695,-0.983622804,"E"
0,-0.058820023,-0.728756979,"E"
1,-1.118972009,-0.744064539,"E"
1,-1.336148138,-0.943351387,"E"
1,0.650546126,-0.70807384,"E"
0,-1.336148138,-0.89465167,"E"
0,1.990954302,-0.914491696,"E"
1,-1.029370042,-0.472981822,"E"
0,-0.741077955,-0.807173158,"E"
0,-0.793914835,-1.000455259,"E"
1,-1.07606791,-1.020093541,"E"
1,-0.941044161,-1.012388999,"E"
0,-0.027331726,-0.909762009,"E"
1,1.894351104,-0.596703034,"E"
1,0.764462714,-0.620046062,"E"
0,-0.62385044,-0.799219877,"E"
0,-1.153598789,-0.824741473,"E"
0,-0.493689615,-0.951721194,"E"
0,1.78822899,-0.817037655,"E"
0,1.78822899,-0.976253287,"E"
0,1.78822899,-0.891760208,"E"
1,-0.782188634,-0.979929164,"E"
1,1.28110531,-0.777445854,"E"
0,1.28110531,-0.780068414,"E"
0,-1.507281687,-0.969503756,"E"
0,-0.283066362,-0.952514954,"E"
1,-1.516766114,-0.821490559,"E"
1,-1.590641177,-0.446872457,"E"
0,-1.576811158,0.897744528,"E"
1,-1.592400107,-0.171915451,"E"
1,-1.592400107,0.116755497,"E"
1,-1.359255651,-0.244598103,"E"
1,-1.485277817,0.280568174,"E"
1,-1.513627631,2.051676993,"E"
1,-1.475345035,-0.291033751,"E"
0,-1.265928891,1.314434635,"E"
0,-1.265928891,1.692667478,"E"
1,-1.380086901,0.735779999,"E"
1,-1.434441289,1.453131253,"E"
1,-1.217851469,1.044276863,"E"
1,-0.980671821,1.618393397,"E"
1,-0.849683264,-0.103521298,"E"
1,-0.849683264,-0.070115481,"E"
1,-1.108763316,1.194190021,"E"
1,-1.173395374,1.964803777,"E"
1,-0.974601788,0.893614977,"E"
1,-1.294520127,2.148574398,"E"
0,-1.048649295,1.306570254,"E"
1,-1.155392208,0.075683775,"E"
0,-1.216713338,-0.294292784,"E"
1,-1.153598789,1.471456518,"E"
0,-0.973394679,1.212777109,"E"
1,-1.293071596,0.200035692,"E"
0,-1.138078818,1.282185545,"E"
0,-1.138078818,1.92805828,"E"
1,-1.091001572,1.061766124,"E"
0,-1.060099585,-0.026483774,"E"
1,-1.147804666,0.040608634,"E"
1,-0.861099065,1.052839304,"E"
1,-1.26948124,-0.150426306,"E"
0,-1.062893179,2.465946866,"E"
1,-0.999226809,0.684226411,"E"
0,-0.892759807,-0.126912633,"E"
1,-0.992363533,1.909149115,"E"
1,-0.992363533,2.421932104,"E"
1,-0.912970258,0.112195435,"E"
1,-0.912970258,0.854077394,"E"
1,-0.682481442,0.514453528,"E"
1,-0.791155729,0.809411831,"E"
0,-0.875136017,0.248274383,"E"
1,-0.875136017,1.507551478,"E"
1,-1.007469638,1.154374412,"E"
1,-1.007469638,1.383379442,"E"
1,-0.833335561,2.030276262,"E"
1,-0.833335561,-0.059800576,"E"
0,-1.514627807,-0.502801098,"E"
1,-1.126490572,0.916294287,"E"
1,-0.798639804,1.080037002,"E"
0,-0.688585964,1.560329394,"E"
0,-0.774359671,0.652069624,"E"
1,-0.749044874,0.117972368,"E"
1,-0.784016542,-0.135414156,"E"
0,-0.774152738,2.44086148,"E"
1,-0.585843755,1.268602055,"E"
1,-0.681929621,0.851028158,"E"
1,-0.746492701,2.12219093,"E"
1,-0.650027458,-0.613172195,"E"
1,-0.718211864,1.66633399,"E"
1,-0.704002468,-0.490834974,"E"
1,-0.626126702,2.291562874,"E"
1,-0.626126702,1.100835704,"E"
0,-0.694345598,1.940656864,"E"
1,-0.782223123,2.121702725,"E"
0,-0.672686616,0.82716624,"E"
0,-0.522694716,0.49786626,"E"
1,-0.499000894,0.134798798,"E"
0,-0.509864874,0.697305871,"E"
1,-0.61650432,1.747722956,"E"
1,-0.746492701,0.544081623,"E"
0,-0.595293693,-0.039745683,"E"
0,-0.511589315,0.682950187,"E"
1,-0.608020069,2.242162484,"E"
1,-0.412571899,1.75593817,"E"
0,-0.342145719,0.008468357,"E"
1,-0.359562575,1.255089974,"E"
0,-0.297862067,-0.05698854,"E"
1,-0.449302497,0.219516906,"E"
1,-0.264511374,0.235483563,"E"
1,-0.319486561,1.623326392,"E"
0,-0.324866817,0.315334275,"E"
0,-0.311726575,0.55103198,"E"
0,-0.369322913,0.441528602,"E"
1,-0.280962543,1.447379326,"E"
0,-0.269477765,1.119419839,"E"
1,-0.375806812,1.473213805,"E"
1,-0.297620646,0.150844037,"E"
1,-0.125590388,0.957116136,"E"
1,-0.118313246,0.540054557,"E"
0,-0.18539401,0.867729846,"E"
0,-0.025641773,0.461822616,"E"
0,-0.003293015,2.401765478,"E"
0,-0.044300228,1.168471549,"E"
0,-0.001947951,-0.941557823,"E"
0,0.071237336,0.665513499,"E"
0,-0.149353188,0.352130857,"E"
1,-0.058820023,-0.267353135,"E"
1,0.027746928,1.24965807,"E"
1,0.027746928,0.87862014,"E"
1,0.005777546,0.789792357,"E"
0,0.1682544,2.238783304,"E"
0,0.151630786,0.492748002,"E"
1,0.182084419,0.530880785,"E"
1,0.401743744,-0.023986706,"E"
0,0.367599807,1.08576498,"E"
1,0.508245235,2.299495387,"E"
0,0.55270133,1.76042205,"E"
0,0.422023173,0.261228559,"E"
1,0.609538913,0.377926473,"E"
0,0.609538913,0.410589908,"E"
1,0.714350452,0.199916188,"E"
1,0.828922328,0.004855958,"E"
1,0.828922328,0.858446061,"E"
1,0.772050256,0.189677487,"E"
0,0.839234486,0.074889069,"E"
1,0.774740384,2.188916836,"E"
0,0.87817237,-0.245099078,"E"
1,0.921766244,0.228978513,"E"
0,0.809608586,-0.429770869,"E"
0,0.924663306,0.108546737,"E"
0,1.045719081,0.006751294,"E"
0,1.010850879,-0.594260102,"E"
0,1.097762717,1.084560856,"E"
1,1.075138048,2.2002795,"E"
1,1.156704119,2.177221357,"E"
0,1.270413774,-0.203605407,"E"
0,1.580675242,1.653754838,"E"
1,1.572673835,1.229685545,"E"
1,1.63561594,2.272618401,"E"
0,1.546289884,0.210072909,"E"
1,1.615474466,1.24906599,"E"
0,1.624027695,-0.126427408,"E"
1,1.734150513,-0.286488398,"E"
0,1.78822899,0.158959283,"E"
0,1.904076952,1.566140789,"E"
1,2.073830948,0.330253414,"E"
1,-0.092584582,-0.9660219037,"S"
1,-0.855166988,-0.863874027,"S"
1,-0.736559919,-0.7622767419,"S"
1,-0.296827403,-0.9816862433,"S"
0,-0.257199743,-0.478491688,"S"
0,-0.257199743,-0.7324893328,"S"
0,-0.239955331,-0.8964703385,"S"
1,0.766807954,-0.6080383986,"S"
1,-0.120382575,-0.8386544794,"S"
1,0.952668231,-0.9288535359,"S"
0,0.783500546,-0.8603077468,"S"
0,0.783500546,-0.6661232179,"S"
0,-0.694345598,-0.8251956442,"S"
0,-0.548009514,-0.8628640977,"S"
0,-0.548009514,-0.7766678468,"S"
0,1.367948171,-0.9370190869,"S"
0,1.367948171,-0.8544580375,"S"
0,-0.387050168,-0.6782006448,"S"
0,-1.247822258,-0.7210499125,"S"
0,-1.247822258,-0.9232272197,"S"
0,-0.418366021,-0.6503027001,"S"
1,-0.136764767,-0.4953553918,"S"
1,-0.136764767,-0.95395382,"S"
0,0.707245754,-0.6197186589,"S"
0,-1.143148675,-0.8651395599,"S"
0,-0.729765621,-0.7694967438,"S"
0,0.158390596,-0.5640814788,"S"
0,0.158390596,-0.5635488024,"S"
0,-0.419366197,-0.5591758799,"S"
1,-0.419366197,-0.3877349663,"S"
1,0.357218671,-0.600598002,"S"
0,1.110178694,-0.6548861674,"S"
0,0.225885226,-0.6787097975,"S"
0,0.225885226,-0.771947686,"S"
0,1.615474466,-0.4528085181,"S"
1,1.615474466,-0.8569291123,"S"
1,1.615474466,-0.7283520673,"S"
0,1.615474466,-0.6901654396,"S"
0,1.615474466,-0.4898621543,"S"
1,-0.733076548,-0.8375789684,"S"
1,2.469831635,-0.5834730979,"S"
1,-0.036643708,-0.8538823318,"S"
0,-1.587433716,-0.8208641807,"S"
0,-1.587433716,-0.8354474653,"S"
1,-0.75414922,-0.8598443966,"S"
1,0.401743744,-0.8780668843,"S"
1,0.401743744,-0.8662933771,"S"
1,0.401743744,-0.7487874301,"S"
1,0.005225725,-0.934194996,"S"
1,-1.138078818,-0.7324660967,"S"
0,-1.259720903,-0.6645607676,"S"
0,1.562361676,-0.5404126786,"S"
1,0.165702227,-1.0240989918,"S"
1,1.183157047,-0.6313716594,"S"
1,1.183157047,-0.5399277753,"S"
1,-0.719039596,-0.806783021,"S"
1,0.23426601,-0.9677469842,"S"
0,-0.449302497,-0.5423852694,"S"
0,-0.449302497,-0.6254061979,"S"
0,-0.449302497,-0.8051711957,"S"
0,-0.34504278,-0.4537289886,"S"
0,-0.265339106,-0.5287855451,"S"
1,-0.00284466,-0.5433247615,"S"
1,0.826370155,-0.9024565057,"S"
0,0.826370155,-1.0006461956,"S"
0,0.826370155,-0.5431699678,"S"
1,-0.916867495,-0.9192536339,"S"
0,-1.321111011,-0.5970612529,"S"
0,-1.321111011,-0.7297807754,"S"
0,0.151630786,-0.8285767993,"S"
1,0.151630786,-0.7786196141,"S"
0,-0.858443426,-0.9244089981,"S"
1,-0.595293693,-0.6065260533,"S"
0,-0.511589315,-0.8344495662,"S"
0,-1.155392208,-0.8180641582,"S"
0,-0.595293693,-0.920477847,"S"
0,-0.595293693,-0.6868994254,"S"
0,-1.357255299,-0.9240533301,"S"
1,-0.001947951,-0.9760583519,"S"
1,-0.892759807,-0.7652297268,"S"
0,-0.892759807,-0.9736621723,"S"
0,-0.311726575,-0.4064324121,"S"
0,-0.376358633,-0.5700199913,"S"
1,1.624027695,-0.934298722,"S"
1,1.624027695,-0.8177270978,"S"
0,-0.394879132,-0.7329321609,"S"
0,0.570428586,-0.7527840879,"S"
0,0.570428586,-0.8437978079,"S"
0,-0.06889076,-0.9472464755,"S"
0,-1.571810278,-0.9441300194,"S"
0,0.104691496,-0.6030508376,"S"
1,0.104691496,-0.5230996167,"S"
1,-0.319486561,-0.8804149054,"S"
0,0.104691496,-0.7913551838,"S"
1,1.045719081,-0.4400049491,"S"
0,1.045719081,-0.8234432124,"S"
1,0.828922328,-0.790389322,"S"
0,0.828922328,-0.6079138524,"S"
0,-1.076723198,-0.4983385871,"S"
0,0.182084419,-0.7443878894,"S"
0,0.182084419,-0.8843027202,"S"
0,0.182084419,-0.9624761561,"S"
1,0.287068401,-0.8534541277,"S"
0,0.422023173,-0.7100283576,"S"
0,0.065374235,-0.9518659325,"S"
1,1.572673835,-0.487420646,"S"
1,1.572673835,-0.4878165021,"S"
0,1.572673835,-0.540171078,"S"
1,1.572673835,-0.7393315663,"S"
0,1.572673835,-0.684220385,"S"
0,1.572673835,-0.8142817615,"S"
1,1.572673835,-0.4792157886,"S"
0,1.572673835,-0.7996660419,"S"
0,-0.831093788,-0.6956982329,"S"
0,-1.040406466,-0.7833374558,"S"
0,-1.039130379,-1.0138255869,"S"
0,-1.039130379,-0.9819308888,"S"
1,-1.039130379,-0.9673357598,"S"
1,-1.007780037,-0.7969120037,"S"
1,2.139670115,-0.8997406911,"S"
0,2.139670115,-0.8227259987,"S"
1,0.12303955,-0.4567563528,"S"
0,-0.72362661,-0.5402834732,"S"
1,-0.21122614,-0.6218371628,"S"
0,-0.647854662,-0.4772099107,"S"
0,-0.37146122,-0.8261373079,"S"
0,0.565979528,-0.7578267996,"S"
0,-0.877308813,-0.7979879731,"S"
1,-0.963841275,-0.8899853354,"S"
0,-0.868721096,-0.6787111253,"S"
0,-0.868721096,-0.8371828185,"S"
0,-0.529006171,-0.9878432835,"S"
1,2.047309042,-0.7535247674,"S"
1,2.047309042,-0.3500591798,"S"
0,1.248271949,-0.751099729,"S"
1,1.951499087,-0.4944577107,"S"
1,-0.572875957,-0.9040490587,"S"
1,0.926215303,-0.8726622266,"S"
0,-0.896450111,-0.8146305807,"S"
1,-0.896450111,-0.9478748676,"S"
0,-1.211781436,-0.8468567757,"S"
0,1.442030166,-0.7322791895,"S"
0,1.442030166,-0.781550819,"S"
0,-0.980740799,-1.0010643369,"S"
1,0.688725255,-0.7640375703,"S"
0,0.688725255,-0.768942977,"S"
0,-0.640405076,-0.8252816757,"S"
1,0.446303305,-0.9407997891,"S"
1,-0.698794656,-0.734278426,"S"
1,-1.205332026,-0.3421574312,"S"
0,-0.875204995,-0.6478261156,"S"
1,-0.875204995,-0.6565761258,"S"
0,-0.875204995,-0.7011861982,"S"
0,-0.69955341,-0.8354126061,"S"
0,1.699834132,-0.5800043441,"S"
1,1.699834132,-0.9521831452,"S"
1,1.699834132,-0.528238542,"S"
0,1.699834132,-0.4739610724,"S"
1,0.500968093,-0.7808761711,"S"
0,-1.018678506,-0.8397461149,"S"
1,-1.018678506,-0.7550629873,"S"
0,0.447682858,-0.9998548237,"S"
1,-1.126490572,-0.6093091427,"S"
1,0.251579401,-0.917156436,"S"
1,-0.617849384,-0.8164535218,"S"
1,2.073830948,-0.6516364562,"S"
0,2.073830948,-0.2633955113,"S"
1,-1.547633612,-0.6671794401,"S"
1,1.268551378,-0.5441180775,"S"
1,1.268551378,-0.9502555832,"S"
0,0.14566422,-0.3751812977,"S"
1,0.953220052,-0.7665136866,"S"
0,0.953220052,-0.4912429048,"S"
0,0.953220052,-0.7364468666,"S"
0,0.427541385,-0.9963382963,"S"
0,0.427541385,-0.3495906836,"S"
0,-1.312247383,-0.8915612444,"S"
1,1.060549275,-0.8968095148,"S"
1,1.624027695,-0.7632573808,"S"
0,0.229816952,-0.8103226541,"S"
0,0.586569356,-0.5004265435,"S"
0,1.533322086,-0.6804295886,"S"
0,1.533322086,-0.7651821996,"S"
0,1.533322086,-0.5428756302,"S"
0,1.533322086,-0.8826790471,"S"
1,-0.391326783,-0.8688476228,"S"
0,-0.325418639,-0.5926307772,"S"
0,-0.297551668,-0.9310205259,"S"
0,1.222922662,-0.7258618618,"S"
0,1.222922662,-0.612199548,"S"
0,1.222922662,-0.8230675379,"S"
1,1.222922662,-0.5335379282,"S"
1,0.05820056,-0.8226545661,"S"
0,0.118142137,-0.855896289,"S"
1,0.523454807,-0.8944299435,"S"
1,0.261926048,-0.4232566089,"S"
0,0.261926048,-0.7177051669,"S"
1,-1.279138111,-0.7972704204,"S"
1,0.523454807,-0.6500994033,"S"
0,-0.6810674,-0.6347190774,"S"
1,-1.279138111,-0.9796129022,"S"
1,1.885625431,-0.5517244161,"S"
1,1.885625431,-0.5639825202,"S"
0,1.885625431,-0.9998032263,"S"
0,1.885625431,-0.7363010783,"S"
0,1.885625431,-0.6990182836,"S"
0,-0.233298987,-0.3788980452,"S"
1,-0.305553075,-0.9231440813,"S"
1,-0.305553075,-0.7133887865,"S"
0,-0.305553075,-0.8043358076,"S"
0,-0.608020069,-0.5557482175,"S"
0,-1.158496202,-0.6483337575,"S"
1,-1.158496202,-0.4454807722,"S"
1,-1.086897401,-0.5668649742,"S"
1,1.314387026,-0.4612268197,"S"
1,-1.116316369,-0.7624308822,"S"
1,-1.133664248,-0.9144205464,"S"
0,0.333662804,-0.8376161756,"S"
0,0.68741468,-1.00539683,"S"
1,0.68741468,-0.7772789339,"S"
0,1.018334954,-0.9447235712,"S"
0,1.018334954,-0.6138595869,"S"
0,1.018334954,-0.7321491203,"S"
0,0.178601047,-0.7595503457,"S"
0,-1.239200052,-0.7221447323,"S"
0,1.11411042,-0.8000202605,"S"
0,1.101901376,-0.6980174224,"S"
0,1.101901376,-0.7787727373,"S"
0,0.178601047,-0.8485183224,"S"
0,-0.047887065,-0.8110991419,"S"
1,-0.047887065,-0.8542558551,"S"
1,-0.264511374,-0.8892309372,"S"
1,-0.264511374,-0.7034842838,"S"
1,-0.264511374,-0.5647070499,"S"
0,-1.352564819,-0.7877760635,"S"
1,-0.672686616,-0.8119218152,"S"
0,-0.672686616,-0.4895164862,"S"
0,0.978776272,-0.7384069219,"S"
1,0.697657861,-0.7792038395,"S"
1,0.666342008,-0.4846573896,"S"
0,0.697657861,-0.8950315286,"S"
0,-0.34387016,-0.6680646137,"S"
1,0.839234486,-0.8506532007,"S"
0,-0.76294387,-0.6367834524,"S"
1,-0.76294387,-0.8439123028,"S"
0,1.156704119,-0.8521087319,"S"
1,-0.586016199,-0.7027385086,"S"
0,-1.147804666,-0.6914739949,"S"
1,-1.147804666,-0.7041095203,"S"
1,-0.634541975,-0.8960201752,"S"
0,0.194189996,-0.5063483547,"S"
0,1.350324381,-1.0490593519,"S"
1,1.350324381,-0.7333694429,"S"
1,-1.549771919,-0.961583608,"S"
1,1.660585849,-0.7989620702,"S"
0,1.660585849,-0.9542750819,"S"
0,0.056096742,-0.6491392384,"S"
0,-0.791155729,-0.9739099279,"S"
0,-0.791155729,-0.9339779592,"S"
0,-0.140972403,-0.5624736723,"S"
1,-0.332109471,-0.7436950672,"S"
1,-1.458169601,-0.6119038507,"S"
0,-1.458169601,-0.9360479687,"S"
1,0.87817237,-0.5546280458,"S"
0,1.016058691,-0.5318541306,"S"
1,1.016058691,-0.4331001914,"S"
1,0.351355571,-0.6650076314,"S"
0,-1.240269205,-0.9034245716,"S"
0,-1.14680449,-0.8619177812,"S"
0,-1.200193191,-0.8304246693,"S"
0,0.508245235,-0.7043241871,"S"
0,0.508245235,-0.9751227885,"S"
0,-0.231815968,-0.8564410935,"S"
0,0.159425261,-0.9838858567,"S"
1,0.782879747,-0.7562563098,"S"
0,0.782879747,-0.3462307344,"S"
1,-0.974601788,-0.5105301642,"S"
0,-0.931594223,-0.5273829031,"S"
0,0.077824701,-1.0301688973,"S"
1,0.077824701,-0.6771479875,"S"
1,0.077824701,-0.7358211095,"S"
1,-0.563874373,-0.5400973175,"S"
0,0.252372644,-0.941901141,"S"
0,-0.601018838,-0.8927733167,"S"
0,-0.535869448,-0.5288784436,"S"
1,-0.535869448,-0.764716726,"S"
0,-0.937940167,-0.3424322155,"S"
1,-0.937940167,-0.7555573421,"S"
0,1.075138048,-0.7643724061,"S"
0,0.219780704,-0.5835596522,"S"
0,0.219780704,-0.944028335,"S"
0,0.176152341,-0.8176412492,"S"
0,0.176152341,-0.7892206297,"S"
1,0.24837194,-0.7601821061,"S"
0,-0.421297571,-0.5575235723,"S"
1,-0.285032225,-0.6492015166,"S"
0,-0.484308654,-0.776967984,"S"
1,-0.186497652,-0.4993681635,"S"
1,-0.186497652,-0.8896065846,"S"
1,0.822369451,-0.6739146583,"S"
0,0.822369451,-0.4025073392,"S"
0,-0.044300228,-0.8422051998,"S"
0,0.830888191,-0.7774202598,"S"
1,0.830888191,-0.6391874318,"S"
0,-0.641094852,-0.7343284466,"S"
1,0.830888191,-0.6379780462,"S"
0,-0.421538993,-0.9449974433,"S"
0,-0.166425156,-0.4198463263,"S"
1,-0.412882298,-0.6906490199,"S"
1,-0.697863458,-0.9511613743,"S"
0,-0.584602157,-0.626275588,"S"
1,1.453997789,-0.6989944027,"S"
0,1.453997789,-0.7314428378,"S"
0,1.453997789,-0.7286625876,"S"
0,1.453997789,-0.7190896292,"S"
1,1.453997789,-0.688463562,"S"
0,1.453997789,-0.2352096785,"S"
0,-0.860236845,-0.9282548094,"S"
1,0.143387957,-0.9570350849,"S"
1,-1.416610567,-0.7334932757,"S"
0,-1.416610567,-0.7342092138,"S"
1,-1.060099585,-0.3503275335,"S"
0,0.515143,-0.849376252,"S"
1,0.515143,-0.9851888262,"S"
1,0.515143,-1.0013257637,"S"
1,0.515143,-0.9967462658,"S"
0,-0.137626987,-0.6753797161,"S"
1,0.133800064,-0.9646714118,"S"
1,0.774740384,-0.5895225511,"S"
1,1.491694074,-0.8191919685,"S"
1,1.491694074,-0.4497152491,"S"
0,1.491694074,-0.8163429437,"S"
0,-0.813573465,-0.713939313,"S"
0,-0.324866817,-0.96358531,"S"
1,-0.324866817,-1.0087856781,"S"
0,0.367841229,-0.7438090636,"S"
0,0.367841229,-0.9315181095,"S"
0,0.822369451,-1.0466854068,"S"
1,-0.044300228,-0.8422701189,"S"
0,0.822369451,-0.8172416158,"S"
0,-0.044300228,-0.472639067,"S"
0,-0.044300228,-0.8241223954,"S"
1,-0.87975752,-0.8727949337,"S"
0,-0.21181245,-0.8516959131,"S"
1,-0.21181245,-0.7138227422,"S"
0,1.904076952,-0.4437156098,"S"
1,1.904076952,-0.9728283986,"S"
1,-1.074550402,-0.866069619,"S"
0,-1.513627631,-0.7314800958,"S"
0,-1.513627631,-0.911266655,"S"
0,-1.373465047,-0.6155588959,"S"
1,-1.160841442,-0.8959320508,"S"
1,0.924663306,-0.846258002,"S"
1,-0.142179512,-0.8713753566,"S"
0,-0.142179512,-0.8656434825,"S"
0,-0.645336977,-0.5348322242,"S"
0,-0.801364421,-0.7470005615,"S"
1,-0.842233678,-1.0068962913,"S"
1,-0.842233678,-0.953485051,"S"
1,-1.286829119,-0.8003710807,"S"
0,0.680827314,-0.8045156204,"S"
0,0.680827314,-0.6279357221,"S"
1,-0.53607638,-0.9066389147,"S"
1,-0.49793174,-0.5753647796,"S"
1,0.009709272,-1.008505357,"S"
0,-1.402642593,-0.7520442885,"S"
1,-0.289446794,-0.4669355786,"S"
1,0.609538913,-0.8677827669,"S"
1,0.609538913,-0.8087376023,"S"
1,1.372880073,-0.5663109997,"S"
0,1.372880073,-0.6070011188,"S"
1,1.372880073,-0.9540451433,"S"
1,0.714350452,-0.3680025575,"S"
1,-0.804847792,-0.9358830976,"S"
1,-0.804847792,-0.5775862777,"S"
0,2.103870715,-0.7037597856,"S"
1,2.103870715,-0.6322886519,"S"
0,2.103870715,-1.0381938402,"S"
1,2.103870715,-0.837117674,"S"
1,-1.152219236,-0.714414887,"S"
0,-0.15956188,-0.6740917021,"S"
1,-0.15956188,-0.5101323824,"S"
1,0.401088456,-0.8271429042,"S"
0,-1.148046088,-0.4173498821,"S"
0,-0.584602157,-0.7514283067,"S"
0,1.20978242,-0.6738190186,"S"
1,-1.297589632,-0.5778981737,"S"
0,1.20978242,-0.761815987,"S"
0,0.033954916,-0.9366976633,"S"
1,1.313145428,-0.4202665903,"S"
0,1.313145428,-0.9115103781,"S"
0,1.313145428,-0.7525294349,"S"
0,-0.149353188,-0.629946651,"S"
0,-0.534524383,-0.8480353139,"S"
1,-0.047093822,-0.5239360827,"S"
0,2.190851531,-0.8570728049,"S"
1,-0.775670246,-0.9610807614,"S"
1,-0.183497124,-0.5226996718,"S"
0,-0.418331533,-0.5383636288,"S"
1,-0.389257453,-0.8928894435,"S"
0,-0.596914667,-0.6885187033,"S"
0,-1.102693283,-0.7873184319,"S"
1,-1.335423873,-0.6497336417,"S"
1,-0.227194465,-0.4709570249,"S"
0,-0.980671821,-0.6019782915,"S"
1,0.597916179,-0.7534330536,"S"
1,-0.885379198,-0.4138409502,"S"
0,0.071237336,-0.8221666444,"S"
0,-0.664512764,-0.9469086625,"S"
0,-0.664512764,-0.4840287431,"S"
1,0.201915493,-0.7167934604,"S"
1,-0.427988404,-0.5072045248,"S"
1,1.546289884,-0.7211597731,"S"
1,0.189396049,-0.9261547704,"S"
1,1.546289884,-0.7019612716,"S"
1,1.546289884,-0.8658891563,"S"
0,0.189396049,-0.8541439159,"S"
1,1.546289884,-0.6964728167,"S"
1,1.546289884,-0.9781717989,"S"
1,-1.065479841,-0.8949788288,"S"
1,-1.373051181,-0.9817231173,"S"
1,-0.881688894,-0.818326114,"S"
1,-0.118313246,-0.644481991,"S"
1,-1.488450789,-1.0436786342,"S"
1,-0.901554457,-0.7619239104,"S"
1,0.395949621,-0.6009429107,"S"
0,-0.875136017,-0.7238451379,"S"
0,-0.159906768,-0.74119558,"S"
0,-0.159906768,-0.3957979874,"S"
0,-1.123765955,-0.8233974287,"S"
1,0.036507089,-0.746153164,"S"
1,-0.179737843,-0.7414589363,"S"
1,-0.533696652,-0.6258124681,"S"
1,-0.533696652,-0.961119217,"S"
1,-0.533696652,-0.5257437839,"S"
1,-0.533696652,-0.6128520157,"S"
0,-0.71979835,-0.6654823846,"S"
1,0.55270133,-0.5119304341,"S"
1,-1.093657211,-0.8043176497,"S"
1,0.55270133,-0.9084162285,"S"
0,-1.102693283,-1.0340851461,"S"
1,1.144219164,-0.7238517586,"S"
0,1.144219164,-0.7217520663,"S"
0,1.144219164,-0.6917660875,"S"
0,0.44882099,-0.7585685567,"S"
0,-0.966841802,-0.483169714,"S"
0,-0.146835504,-0.8237986036,"S"
0,0.44882099,-0.5047738387,"S"
0,0.248165007,-0.8687088434,"S"
1,1.852999003,-1.0121486183,"S"
1,-0.146835504,-0.5181283134,"S"
0,1.852999003,-0.5004746652,"S"
1,0.489966158,-0.597255921,"S"
1,0.489966158,-0.6326310328,"S"
0,0.521902809,-0.7723442627,"S"
0,-0.858305471,-1.0013749968,"S"
0,-0.151767406,-0.4959587183,"S"
1,-0.513658644,-0.9810880797,"S"
1,0.872757624,-0.5377035753,"S"
0,2.192713927,-0.6259210009,"S"
1,2.192713927,-0.8138797128,"S"
1,2.192713927,-0.4812154328,"S"
0,2.192713927,-0.529517346,"S"
0,0.872757624,-0.8428910617,"S"
1,0.872757624,-0.9594671177,"S"
0,0.070961425,-0.9818276932,"S"
0,2.192713927,-0.3202848548,"S"
1,-0.025641773,-0.6170743453,"S"
1,-0.688585964,-0.6958682365,"S"
1,-0.878481433,-0.3729471729,"S"
1,2.146498902,-0.7608918436,"S"
1,2.146498902,-0.4237753933,"S"
0,2.146498902,-0.9978102741,"S"
0,2.146498902,-0.7926570127,"S"
0,2.146498902,-0.8647363988,"S"
1,2.146498902,-0.8604720875,"S"
1,-1.496417707,-0.802777233,"S"
1,-0.846096427,-0.5940118288,"S"
1,-0.170839726,-0.5977275087,"S"
1,-0.395361975,-0.7460597277,"S"
1,-0.441749445,-0.945705051,"S"
1,-0.441749445,-0.807794995,"S"
0,-0.218606748,-0.8940359403,"S"
1,-0.654028161,-0.9670244508,"S"
1,-0.654028161,-0.9954080291,"S"
0,0.082929047,-0.7949444073,"S"
1,-1.589020202,-0.8885908786,"S"
1,0.641130677,-0.6301467334,"S"
1,0.641130677,-0.5743211201,"S"
0,0.02150445,-0.9269437275,"S"
0,-0.448681698,-0.6254968403,"S"
0,0.502313157,-0.5123803403,"S"
1,0.248233985,-0.7271285624,"S"
0,0.248233985,-0.7276115504,"S"
1,-0.21181245,-0.6361415513,"S"
0,2.539395594,-0.5503726066,"S"
0,-0.949942278,-0.5718321211,"S"
1,0.661513572,-0.8212908271,"S"
0,-0.410640525,-0.5699866503,"S"
1,-0.045438359,-0.551411964,"S"
1,-0.632403668,-0.3839331672,"S"
1,0.349148286,-0.6306093629,"S"
1,-0.654028161,-0.8096379116,"S"
1,1.734150513,-0.5393714177,"S"
0,1.734150513,-0.8884198949,"S"
1,-1.260307213,-0.7611771511,"S"
1,-1.260307213,-0.7509934231,"S"
1,-0.348905528,-0.6044675049,"S"
1,0.316211458,-0.9326750032,"S"
0,0.316211458,-0.715073167,"S"
1,0.316211458,-0.4543545085,"S"
0,-1.348357182,-0.693316666,"S"
1,-1.348357182,-0.7541150234,"S"
1,-0.346146422,-0.7883813614,"S"
1,-1.478690451,-0.7597312938,"S"
1,-1.327422466,-0.6647955121,"S"
0,-0.650027458,-0.6803493002,"S"
1,1.407989696,-0.7449459216,"S"
1,1.407989696,-0.6170253057,"S"
1,0.809608586,-0.2900623176,"S"
0,0.809608586,-0.5215545231,"S"
0,0.809608586,-0.8071166174,"S"
1,0.809608586,-0.8418026273,"S"
1,0.809608586,-0.5409019856,"S"
0,-1.501177165,-0.7966818172,"S"
0,1.407989696,-0.2359696112,"S"
1,0.430817823,-0.4279926424,"S"
1,0.430817823,-0.5519619975,"S"
0,-0.003293015,-0.8656801533,"S"
1,-1.031784259,-0.5443455031,"S"
1,-1.536769632,-0.9906715638,"S"
1,-0.969187042,-0.5854251652,"S"
1,0.126971277,-0.9275900305,"S"
0,0.126971277,-0.8310586491,"S"
1,-0.578808034,-0.7044456458,"S"
0,0.596019294,-0.737417649,"S"
1,0.596019294,-0.6609820564,"S"
1,0.596019294,-0.8087379318,"S"
1,0.571946094,-0.5165684085,"S"
1,-1.367395014,-0.9085564715,"S"
1,-0.746492701,-0.8582408937,"S"
1,-0.713762806,-0.7289332961,"S"
1,0.580809722,-0.5551199711,"S"
1,0.792812528,-0.8218362,"S"
0,-0.128004605,-0.3338605754,"S"
0,-0.402225251,-0.6089514656,"S"
0,0.800882913,-0.8273017917,"S"
0,-0.441508023,-0.7726150017,"S"
0,-0.125004078,-0.9008324469,"S"
0,0.644441604,-0.6949452544,"S"
1,1.63561594,-0.3302514014,"S"
1,0.644441604,-0.7173278381,"S"
1,0.433714884,-0.7972471675,"S"
1,0.235680052,-0.6373595662,"S"
0,0.235680052,-1.0245815254,"S"
1,0.235680052,-0.5744593505,"S"
1,0.235680052,-0.9906160054,"S"
0,0.235680052,-0.5150426555,"S"
1,-0.825575576,-0.7547915981,"S"
1,1.252376119,-0.9604176948,"S"
0,1.218921959,-0.5919290368,"S"
0,-0.145111062,-0.8345647627,"S"
1,-1.238234365,-0.908844614,"S"
1,-0.87534295,-0.8939343348,"S"
1,-0.47123739,-0.872205806,"S"
1,-0.849683264,-0.7346097778,"S"
1,-1.453065254,-0.976849651,"S"
0,-0.369667801,-0.6735567864,"S"
1,-1.394641185,-0.7951746544,"S"
0,-0.369667801,-0.7428072541,"S"
0,2.539395594,-0.8471013976,"S"
1,-0.693448888,-0.8643929128,"S"
0,1.301729627,-0.7818332374,"S"
0,1.301729627,-0.8083090131,"S"
0,0.772050256,-0.8779932746,"S"
0,-0.403397871,-0.9618048787,"S"
0,-0.419262731,-0.6644197721,"S"
1,-0.665099074,-0.7182130458,"S"
1,0.815195776,-0.6517205523,"S"
1,0.130834025,-0.6560228951,"S"
0,0.815195776,-0.8415736522,"S"
0,0.815195776,-0.8033491394,"S"
1,0.815195776,-0.6991861791,"S"
0,-0.199258517,-0.8496361194,"S"
1,-1.580984306,-0.842237542,"S"
1,0.046301915,-0.4869146306,"S"
0,-0.858408937,-0.70028731,"S"
0,-0.014674327,-0.7542914789,"S"
0,-0.226366734,-0.7585787049,"S"
0,-0.883516802,-0.6943703511,"S"
1,-0.780119305,-0.6897790401,"S"
1,-0.262683466,-0.8461202404,"S"
0,-0.461063186,-0.7795211319,"S"
0,-0.058820023,-0.447738662,"S"
1,-1.118972009,-0.6183440448,"S"
0,1.990954302,-0.9004473835,"S"
0,-0.070028891,-0.9674487548,"S"
1,-0.070028891,-0.7710414189,"S"
1,-0.793914835,-0.7241541953,"S"
0,-0.803606195,-0.6132573282,"S"
1,-0.803606195,-0.6596289303,"S"
1,-0.432368484,-0.7253038445,"S"
1,-0.432368484,-0.9350775824,"S"
0,-0.427988404,-0.6797507627,"S"
0,-0.432368484,-0.7728151812,"S"
0,-0.432368484,-0.9442146163,"S"
1,-0.774152738,-0.8433486521,"S"
1,-1.26213512,-0.4950834686,"S"
0,-1.26213512,-1.0126511502,"S"
0,-1.361497425,-0.7888969452,"S"
1,-1.361497425,-0.7507383106,"S"
0,-0.390878428,-0.8456721774,"S"
0,-1.274585586,-0.7061205498,"S"
0,1.894351104,-1.002404266,"S"
1,1.894351104,-0.6203290392,"S"
0,-0.796432519,-0.9183143353,"S"
1,-1.119972184,-0.8176995655,"S"
1,0.718178711,-0.9007105635,"S"
1,-0.626126702,-0.4671966167,"S"
0,0.764462714,-0.6892336892,"S"
0,-0.361942304,-0.6787098129,"S"
0,-1.153598789,-0.6050317331,"S"
1,-1.074136536,-0.9469102454,"S"
1,-1.221369329,-0.65699001,"S"
1,1.78822899,-0.6605990946,"S"
0,1.78822899,-0.8119462205,"S"
1,1.580675242,-0.9515198432,"S"
0,-0.944355089,-0.5927343644,"S"
1,-1.009263057,-0.9181263202,"S"
1,1.580675242,-0.958003532,"S"
0,-1.268722486,-0.9560690711,"S"
1,1.28110531,-0.7978122668,"S"
0,-1.507281687,-0.6402300653,"S"
1,-0.921695931,-0.5149198304,"S"
1,-0.921695931,-0.7526960792,"S"
1,-0.644026402,-0.9167232377,"S"
0,-1.540770336,-0.7896578098,"S"
0,-0.828024282,-0.6900837907,"S"
0,-1.240752049,-0.4665527421,"S"
0,0.572566893,-0.7490175688,"S"
0,1.101901376,-0.9752557312,"S"
1,-1.546288548,0.0574949281,"S"
0,-1.571810278,0.2995624462,"S"
0,-1.42326691,0.6291587069,"S"
1,-1.580984306,1.561303504,"S"
1,-1.488450789,-0.2110865374,"S"
0,-1.528595781,0.8878518564,"S"
1,-1.287794806,-0.2403419957,"S"
1,-1.592400107,-0.8552102339,"S"
1,-1.545978149,0.8023337987,"S"
0,-1.446374422,2.028409502,"S"
0,-1.446374422,0.6153198794,"S"
0,-1.446374422,0.2994013343,"S"
1,-1.576052404,1.4919750395,"S"
1,-1.502384274,0.6826173953,"S"
0,-1.511696257,-0.1918879616,"S"
1,-1.511696257,0.2129785354,"S"
0,-1.335423873,0.4448196423,"S"
0,-1.343632213,0.3596247416,"S"
0,-1.593572727,2.3359890893,"S"
1,-1.205573448,1.3411631033,"S"
1,-1.522077393,1.2617856485,"S"
1,-1.540770336,2.2365401748,"S"
0,-1.495727931,-0.293945147,"S"
1,-1.380086901,2.1746065166,"S"
1,-1.228956871,1.2047181195,"S"
0,-1.228646471,0.9166767459,"S"
1,-1.337631158,0.8562399931,"S"
0,-1.434648222,0.2673267774,"S"
0,-0.682515931,1.8807065625,"S"
0,-1.349943668,1.6880635503,"S"
0,-1.251133185,0.0072286681,"S"
1,-1.336148138,-0.2737452297,"S"
0,-1.352564819,0.9270078018,"S"
0,-1.333664943,1.6453454645,"S"
1,-1.243442177,2.0135442905,"S"
1,-1.20667709,2.0462161711,"S"
0,-1.438028127,1.0950612791,"S"
1,-1.282586993,1.6782100957,"S"
0,-1.282586993,0.9264407261,"S"
1,-1.205332026,-0.3286766135,"S"
0,-1.183742022,-0.1398776589,"S"
0,-1.397538247,0.1869861401,"S"
0,-1.226611631,0.2675558355,"S"
0,-1.29296813,2.4111713113,"S"
1,-1.223197237,0.2018340315,"S"
1,-1.323042385,-0.0325820938,"S"
1,-1.323042385,-0.061347051,"S"
0,-1.379845479,-0.1763455741,"S"
1,-1.379845479,2.0002876356,"S"
1,-1.048649295,0.9005184418,"S"
0,-1.048649295,2.1406898401,"S"
1,-1.09134646,0.4039671484,"S"
1,-1.155392208,1.0953120771,"S"
1,-1.155392208,-0.6389262662,"S"
0,-1.155392208,1.5009812752,"S"
0,-1.267101511,-0.0887854991,"S"
0,-1.309522766,0.2184427848,"S"
1,-1.143148675,0.3949112072,"S"
0,-1.151150082,-0.3636845882,"S"
0,-1.317696617,1.2722757005,"S"
1,-1.317696617,0.7912082167,"S"
0,-1.13859615,0.5650516661,"S"
1,-1.091415438,0.378300881,"S"
1,-1.130042921,1.4153353291,"S"
0,-1.281690284,0.2299913209,"S"
0,-1.253478425,1.2246966648,"S"
1,-1.091001572,1.9919470464,"S"
0,-1.203573096,1.1707539131,"S"
1,-0.994294907,0.5143159203,"S"
1,-1.373051181,1.4915789892,"S"
0,-0.969187042,1.7826135804,"S"
1,-1.238234365,2.3631179936,"S"
1,-1.009263057,-1.0232175197,"S"
1,-1.220300176,-0.4975236435,"S"
0,-1.220300176,-0.1601884691,"S"
1,-1.239200052,1.5077845522,"S"
1,-0.963289453,0.712018857,"S"
1,-0.963289453,2.4188909472,"S"
1,-1.092726013,0.0176475197,"S"
0,-1.272895634,-0.3481920823,"S"
1,-0.976981517,-0.1650423581,"S"
0,-1.040406466,-0.4247588174,"S"
1,-1.040406466,0.5343258645,"S"
0,-0.980740799,1.5567964256,"S"
0,-0.980740799,0.5981975924,"S"
1,-0.851545661,1.4103158865,"S"
0,-1.127490748,0.4942160637,"S"
0,-1.306349794,0.1506297569,"S"
1,-1.021472101,-0.799446375,"S"
0,-0.845613583,-0.1385952753,"S"
1,-1.074067559,1.4754706018,"S"
0,-1.091518904,-0.3990073181,"S"
0,-0.967979934,1.8585490892,"S"
0,-0.983568882,1.1269427274,"S"
1,-0.997364412,0.108501907,"S"
1,-1.065479841,-0.0332817943,"S"
1,-0.931594223,-0.6088182154,"S"
1,-0.915763853,0.9071064508,"S"
1,-0.813952842,1.0102110793,"S"
1,-1.066755928,-0.0830836543,"S"
1,-0.740319201,0.5829630133,"S"
1,-0.917419316,1.322551063,"S"
0,-0.820816118,0.9321330936,"S"
1,-0.943113491,0.9997519377,"S"
1,-0.76294387,1.067833099,"S"
0,-0.76294387,2.383045423,"S"
0,-0.798536337,-0.1480492371,"S"
1,-1.1656009,1.1304409318,"S"
1,-0.966841802,-0.1708795386,"S"
0,-0.966841802,1.1950804045,"S"
1,-0.868376207,0.0534053306,"S"
1,-0.855029032,0.1402105067,"S"
1,-1.086897401,0.3240123864,"S"
0,-1.086897401,1.1059786274,"S"
1,-1.086897401,-0.9128689464,"S"
0,-0.828024282,1.4331358433,"S"
1,-0.828024282,2.4229216512,"S"
0,-0.846096427,2.4764929289,"S"
0,-0.846096427,0.0441310539,"S"
1,-0.87975752,2.3875045737,"S"
0,-0.829541791,1.7221941253,"S"
1,-1.126490572,0.0904742554,"S"
1,-1.126490572,1.3695924185,"S"
0,-1.159082512,0.2550923019,"S"
0,-0.783085344,1.4792087976,"S"
0,-0.783085344,-0.1491784696,"S"
1,-0.875204995,1.8490026606,"S"
0,-0.868445185,-0.4800902684,"S"
1,-0.868445185,-0.471386304,"S"
0,-0.868445185,1.3218187396,"S"
1,-0.852994192,2.1403825386,"S"
0,-0.800467711,1.1901123452,"S"
1,-0.793983812,1.0288134082,"S"
1,-0.775670246,-0.1612633112,"S"
1,-0.775670246,0.9844684571,"S"
1,-0.741077955,2.0278391961,"S"
1,-0.741077955,1.1487274136,"S"
0,-0.741077955,0.2193870692,"S"
0,-0.943630823,-0.5357709106,"S"
1,-0.614917834,1.862394401,"S"
0,-0.695414751,2.4559194193,"S"
1,-0.774359671,0.7658430754,"S"
0,-0.868721096,0.1710274203,"S"
0,-0.868721096,0.935187065,"S"
1,-0.868721096,0.7959202421,"S"
1,-0.883516802,-0.0739975873,"S"
0,-0.729972554,0.3439996034,"S"
1,-0.801364421,0.0904718986,"S"
1,-0.801364421,1.7365589517,"S"
1,-0.711383077,1.4479122058,"S"
0,-0.733076548,-0.2464533803,"S"
0,-0.733076548,0.1691347637,"S"
0,-0.733076548,0.3944469481,"S"
0,-0.805365125,-0.1401756304,"S"
0,-0.780602148,-0.1122433414,"S"
0,-0.765496043,1.9062431058,"S"
1,-0.864996303,1.813448947,"S"
0,-0.864996303,1.545202598,"S"
1,-0.886620796,-0.0390668484,"S"
1,-0.577393993,0.2366162896,"S"
0,-0.511692781,0.7966017733,"S"
1,-0.835818757,0.4010042084,"S"
1,-0.693448888,0.5395817668,"S"
1,-0.904727429,0.1716781347,"S"
0,-0.904727429,0.0325971644,"S"
1,-0.787706846,-0.2886059087,"S"
0,-0.774256205,0.8613064559,"S"
1,-0.774256205,0.6033361384,"S"
1,-0.774256205,0.4020346426,"S"
0,-0.628471942,-0.0140909078,"S"
1,-0.91731585,-0.151678212,"S"
1,-0.91731585,2.3778198772,"S"
0,-0.770014079,1.1970870635,"S"
0,-0.644992089,0.6733371482,"S"
0,-0.502139377,0.4817789949,"S"
0,-0.502139377,-0.2311908797,"S"
0,-0.502139377,1.3522932572,"S"
1,-0.647854662,-0.1389145649,"S"
0,-0.441508023,-0.2824994327,"S"
0,-0.507312701,2.2458762071,"S"
0,-0.632403668,1.8987461399,"S"
1,-0.780119305,0.7797740091,"S"
0,-0.780119305,0.5451326252,"S"
1,-0.672376216,-0.7127651035,"S"
0,-0.878481433,-0.2878911702,"S"
0,-0.665099074,2.3482315317,"S"
0,-0.699346477,-0.2937325749,"S"
0,-0.711521032,1.2499647482,"S"
1,-0.736559919,-0.2468087846,"S"
0,-0.840923103,-0.2520565819,"S"
0,-0.6810674,-0.3601652246,"S"
1,-0.623505551,1.4499500986,"S"
1,-0.623505551,0.9348046129,"S"
1,-0.75239029,-0.4176877147,"S"
0,-0.782223123,1.012548702,"S"
0,-0.672686616,2.2825828999,"S"
0,-0.578808034,-0.0553752328,"S"
1,-0.508416343,1.0566364419,"S"
1,-0.494931212,1.0242726578,"S"
1,-0.758356856,1.7351726489,"S"
1,-0.807089566,-0.0455537523,"S"
0,-0.72097097,0.682542702,"S"
0,-0.72097097,2.0926783373,"S"
1,-0.513658644,2.2508599913,"S"
0,-0.589637525,0.7779588199,"S"
1,-0.589637525,-0.0880300406,"S"
1,-0.617849384,0.6291411249,"S"
0,-0.473548141,-0.2119804876,"S"
1,-0.598639109,0.6534607241,"S"
1,-0.388015856,1.5279923803,"S"
1,-0.562184421,2.4752332563,"S"
1,-0.628713364,1.9988478163,"S"
1,-0.831093788,-0.6675725934,"S"
1,-0.377634719,1.1433242744,"S"
0,-0.618401205,-0.056517598,"S"
1,-0.618401205,0.2939753775,"S"
0,-0.533696652,1.601759121,"S"
0,-0.393292646,1.363568883,"S"
1,-0.634541975,0.1386606499,"S"
1,-0.575462618,2.3571337834,"S"
1,-0.325108239,2.1700935084,"S"
0,-0.601018838,0.9496831642,"S"
0,-0.713762806,0.1043235717,"S"
0,-0.713762806,0.5681729302,"S"
1,-0.407398575,0.02582501,"S"
0,-0.407398575,1.7816363607,"S"
0,-0.387050168,-0.2920394499,"S"
1,-0.314416703,-0.5597777613,"S"
1,-0.342283674,1.9089898489,"S"
0,-0.419262731,-0.2403845868,"S"
0,-0.529006171,2.3152163653,"S"
0,-0.522453295,0.6765855902,"S"
0,-0.495138145,1.0813161633,"S"
1,-0.46389127,-0.0163295559,"S"
1,-0.54283619,-0.6231898888,"S"
0,-0.54283619,0.2383575593,"S"
0,-0.54283619,-0.4798082939,"S"
1,-0.595293693,0.0966202894,"S"
0,-0.595293693,-0.1199644612,"S"
0,-0.335799775,0.7058562113,"S"
1,-0.335799775,0.9208069034,"S"
0,-0.435093101,0.7850283926,"S"
1,-0.586016199,-0.1268106076,"S"
0,-0.421538993,0.3231460867,"S"
1,-0.418331533,0.071845799,"S"
0,-0.418331533,0.2741163899,"S"
0,-0.608020069,0.6038335582,"S"
1,-0.563874373,1.2338673923,"S"
0,-0.47123739,0.1634202917,"S"
0,-0.47123739,1.5123040878,"S"
1,-0.596914667,0.9844497278,"S"
0,-0.596914667,1.8253667492,"S"
1,-0.330729918,1.6026945204,"S"
0,-0.419366197,1.9652336885,"S"
1,-0.231815968,-0.196110397,"S"
1,-0.231815968,0.1882701797,"S"
1,-0.654028161,0.2521947523,"S"
1,-0.410640525,1.6962354336,"S"
0,-0.239955331,0.2039049109,"S"
1,-0.348905528,0.3959912347,"S"
1,-0.484308654,2.3799777244,"S"
0,-0.448681698,-0.2483818531,"S"
0,-0.346146422,0.401372825,"S"
1,-0.644026402,0.059008754,"S"
0,-0.574289998,1.0545154009,"S"
1,-0.449302497,-0.2011659118,"S"
1,-0.226366734,-0.3228623142,"S"
0,-0.226366734,0.6046014435,"S"
0,-0.55897696,0.3651401553,"S"
0,-0.55897696,1.0914928103,"S"
1,-0.55897696,-0.9490470157,"S"
0,-0.55897696,-0.8744562169,"S"
1,-0.55897696,0.7387882804,"S"
1,-0.55897696,1.5020841513,"S"
0,-0.395361975,-0.0207257442,"S"
1,-0.290033104,0.2340363838,"S"
0,-0.319486561,-0.0099805736,"S"
1,-0.283066362,-0.2342665997,"S"
0,-0.173288432,1.2017415701,"S"
0,-0.246922073,-0.6207825711,"S"
1,-0.311726575,0.3981632751,"S"
0,-0.391326783,2.1426589851,"S"
1,-0.255302858,2.464000089,"S"
0,-0.296827403,0.6505577997,"S"
1,-0.37146122,0.5093982866,"S"
0,-0.347043132,0.3798988223,"S"
1,-0.166425156,0.7694394754,"S"
0,-0.166425156,2.1877888389,"S"
1,-0.166425156,-0.294261512,"S"
0,-0.739319025,-0.0452476649,"S"
0,-0.289446794,1.6522970446,"S"
1,-0.289446794,1.0935068662,"S"
1,-0.390878428,1.4013230779,"S"
0,-0.12286577,1.9480637269,"S"
1,-0.12286577,0.9675622518,"S"
1,-0.332109471,1.3137627349,"S"
0,-0.332109471,2.1323350547,"S"
1,-0.361942304,0.6550194923,"S"
1,-0.137626987,0.6916260486,"S"
1,-0.34504278,0.9394729923,"S"
1,-0.253578416,0.2984342437,"S"
0,-0.253578416,0.5676808959,"S"
0,-0.405225779,-0.6446037494,"S"
0,-0.269477765,0.7976484337,"S"
0,-0.269477765,1.5345626739,"S"
0,-0.269477765,1.0847719987,"S"
1,-0.269477765,2.3381533107,"S"
1,-0.380876669,0.1597533671,"S"
1,-0.226677133,0.61348516,"S"
0,-0.257199743,1.0858065235,"S"
0,-0.193360928,1.3165534833,"S"
1,-0.170839726,-0.879536947,"S"
0,-0.170839726,0.0630388659,"S"
1,-0.21181245,-0.0778632365,"S"
0,-0.226366734,0.7731265925,"S"
1,-0.118313246,1.1902265296,"S"
0,-0.184014457,1.8288741385,"S"
0,-0.097481995,1.2898432015,"S"
1,-0.047887065,0.4495415985,"S"
0,-0.179737843,1.9476384865,"S"
1,-0.179737843,0.9529013643,"S"
1,-0.179737843,0.5699366716,"S"
0,-0.209225788,1.4811161551,"S"
1,-0.146835504,-0.7658140348,"S"
0,-0.146835504,0.0422848357,"S"
0,-0.305553075,0.0474926155,"S"
1,0.045060318,1.7959638665,"S"
0,-0.403397871,0.8780773872,"S"
1,-0.403397871,0.2848142802,"S"
1,-0.120382575,1.0304762378,"S"
1,0.065374235,1.1442028675,"S"
0,-0.025296885,0.5060036043,"S"
1,-0.159803302,-0.5345453257,"S"
0,-0.159803302,2.0894470166,"S"
1,-0.145111062,1.0008081229,"S"
0,-0.06889076,1.9621323202,"S"
1,0.002087242,1.1608114286,"S"
0,-0.01839912,0.0417040874,"S"
1,-0.003293015,1.0268395735,"S"
1,-0.072236176,0.0389024768,"S"
0,-0.044300228,1.7528776589,"S"
1,0.007639943,0.7320320041,"S"
1,-0.001947951,0.8723909743,"S"
1,0.071237336,0.8270734476,"S"
1,0.001362977,0.9527588775,"S"
1,0.153320739,1.8680215631,"S"
1,0.153320739,0.5820077997,"S"
0,-0.036643708,-0.9778099726,"S"
1,0.082929047,-0.2809452839,"S"
0,0.082929047,2.3128490984,"S"
0,0.082929047,-0.1092222138,"S"
0,-0.033815625,1.3670857648,"S"
0,-0.033815625,0.0356717454,"S"
1,-0.033815625,-0.3988806352,"S"
1,0.036507089,0.7455591406,"S"
0,0.104691496,-0.0678215098,"S"
1,-0.058820023,2.2243190175,"S"
0,-0.058820023,0.282670914,"S"
0,-0.058820023,1.8149880777,"S"
0,-0.058820023,-0.1792174835,"S"
0,-0.058820023,-0.0076193072,"S"
1,0.046301915,2.1697580672,"S"
0,-0.057543936,1.4444685901,"S"
1,-0.057543936,0.4028159229,"S"
1,0.027746928,0.3274326282,"S"
1,0.027746928,1.3350238585,"S"
1,0.05820056,-0.0322255588,"S"
1,0.005777546,0.8070636994,"S"
1,0.005777546,1.5464066093,"S"
1,0.077824701,0.7205133712,"S"
0,0.110416641,0.2710153434,"S"
1,0.122418752,1.0832991853,"S"
1,0.152596473,1.5932514053,"S"
1,0.233127879,1.8246905957,"S"
1,0.233127879,1.1653753406,"S"
0,0.233127879,1.0072945974,"S"
1,0.1682544,-0.1394691054,"S"
0,0.14566422,-0.1825326046,"S"
1,0.005225725,-0.6027954235,"S"
0,0.005225725,1.999639081,"S"
0,-0.032987893,2.4103015592,"S"
1,0.158390596,2.1870781114,"S"
0,0.158390596,0.5640344786,"S"
1,0.176152341,0.0346645277,"S"
1,0.284723161,1.3746971879,"S"
1,0.284723161,1.610500564,"S"
0,0.284723161,1.7111773859,"S"
0,0.215262668,2.1802477999,"S"
0,0.23426601,0.8748595339,"S"
1,0.23426601,0.0961313665,"S"
1,0.225885226,0.8151364761,"S"
0,0.316211458,0.6763231736,"S"
0,0.316211458,1.6727155119,"S"
1,0.178601047,2.0263825727,"S"
0,0.338008396,0.6256726352,"S"
0,0.349148286,-0.7215944696,"S"
0,0.252372644,1.2758426658,"S"
1,0.24837194,0.0143356462,"S"
1,0.24837194,-0.6525291633,"S"
0,0.189396049,-0.0400582818,"S"
1,0.175186654,0.9081957436,"S"
1,0.390603853,-0.2231112532,"S"
1,0.390603853,0.6674321431,"S"
0,0.235680052,0.1369167377,"S"
0,0.235680052,0.239972284,"S"
0,0.235680052,2.2487212415,"S"
0,0.354528543,-0.3141194777,"S"
1,0.354528543,1.7128028761,"S"
1,0.248233985,0.0609369765,"S"
1,0.182084419,1.5022335863,"S"
1,0.27537669,1.1148405466,"S"
0,0.346078781,-0.3756922371,"S"
0,0.346078781,1.3794690211,"S"
1,0.346078781,1.3222251449,"S"
0,0.332697116,1.5433476232,"S"
1,0.366082299,0.061476126,"S"
1,0.292276214,1.2583590249,"S"
1,0.288378977,0.4585243824,"S"
0,0.521902809,1.684645617,"S"
0,0.521902809,0.1795160813,"S"
0,0.395949621,0.3826604232,"S"
0,0.395949621,1.8803484988,"S"
0,0.446889615,0.6175144006,"S"
0,0.447682858,1.1237826659,"S"
0,0.26275378,0.1158008509,"S"
0,0.427541385,2.4398776072,"S"
1,0.427541385,-0.4240383526,"S"
1,0.357218671,0.9253407736,"S"
1,0.508245235,0.4325140764,"S"
1,0.508245235,0.253078476,"S"
1,0.508245235,0.4651844254,"S"
1,0.571946094,0.8238118237,"S"
1,0.571946094,-0.0856206274,"S"
1,0.571946094,0.9217902339,"S"
1,0.55270133,0.6484616826,"S"
0,0.55270133,-0.178621442,"S"
0,0.523454807,-0.8154863312,"S"
0,0.523454807,-0.0909529645,"S"
1,0.446303305,0.3903125628,"S"
0,0.597916179,-0.0816655046,"S"
0,0.609538913,-0.2428031145,"S"
1,0.68741468,0.2506361673,"S"
0,0.68741468,0.7662695741,"S"
1,0.584327582,0.2393747043,"S"
1,0.584327582,0.2910749678,"S"
0,0.584327582,1.9284186903,"S"
1,0.584327582,-0.1673238652,"S"
1,0.500968093,-0.1052883505,"S"
1,0.489966158,-0.0535453287,"S"
1,0.661513572,1.3009736524,"S"
0,0.661513572,2.3810845852,"S"
0,0.714350452,0.0625621309,"S"
0,0.642234319,0.0318263641,"S"
0,0.642234319,-0.1830947859,"S"
0,0.558012609,2.1401493621,"S"
0,0.558012609,2.0253596504,"S"
1,0.596019294,-0.4478167511,"S"
0,0.596019294,2.4036715998,"S"
0,0.596019294,-0.4193658752,"S"
0,0.596019294,0.9183339559,"S"
0,0.596019294,0.7265098418,"S"
1,0.596019294,0.3009322939,"S"
0,0.830888191,-0.147009273,"S"
1,0.702865673,0.1498339561,"S"
0,0.702865673,1.8468352806,"S"
1,0.275031801,0.2288734601,"S"
0,0.766807954,-0.0913848794,"S"
1,0.766807954,0.7782531182,"S"
0,0.680827314,-0.4819366097,"S"
1,0.680827314,2.2699721518,"S"
0,0.828922328,1.5587681139,"S"
0,0.772050256,2.0437046843,"S"
1,0.783500546,-0.2454020749,"S"
1,0.764462714,-0.7474657692,"S"
1,0.764462714,0.2042610441,"S"
1,0.815195776,1.3010132753,"S"
0,0.792812528,0.9918341033,"S"
0,0.872757624,-0.0845702458,"S"
0,0.688725255,-0.1723497573,"S"
0,0.826370155,1.9706245797,"S"
0,0.978776272,0.0407111957,"S"
1,0.952668231,-0.1468944033,"S"
1,0.952668231,0.3783085224,"S"
1,0.921766244,0.6147095443,"S"
1,0.953220052,0.3390637397,"S"
0,1.011644122,1.7288848705,"S"
1,0.809608586,0.0623476263,"S"
1,0.809608586,0.3118050354,"S"
0,0.809608586,-0.3388471599,"S"
1,0.809608586,2.3322632916,"S"
0,1.045719081,-0.0370287075,"S"
0,1.010850879,-0.1488902456,"S"
0,1.010850879,1.3809151814,"S"
1,0.95653098,-0.1460250574,"S"
1,1.016058691,0.9979081135,"S"
1,1.016058691,1.2001544567,"S"
1,1.016058691,-0.2680679483,"S"
0,1.016058691,0.1504433293,"S"
1,1.060549275,0.4546947836,"S"
0,1.060549275,1.0390416083,"S"
1,1.018334954,-0.6190914738,"S"
0,1.018334954,0.5243952109,"S"
1,1.018334954,0.4865202506,"S"
1,1.018334954,2.1915510847,"S"
1,1.018334954,2.0676079966,"S"
0,1.018334954,-0.2465085668,"S"
0,1.018334954,0.8098670936,"S"
1,1.097762717,0.9029626351,"S"
0,1.075138048,0.0471027125,"S"
0,1.075138048,0.9694255303,"S"
0,1.101901376,0.2088487489,"S"
0,1.101901376,0.2300620501,"S"
0,1.222922662,0.387796804,"S"
1,1.222922662,2.4478473487,"S"
0,1.222922662,1.7670124921,"S"
1,1.222922662,-0.4841321817,"S"
1,1.218921959,0.6275952805,"S"
0,1.11411042,-0.3743951982,"S"
1,1.11411042,0.8823022945,"S"
0,1.11411042,2.1754897018,"S"
0,1.268551378,2.2698041774,"S"
1,1.268551378,1.6076912367,"S"
1,1.252376119,0.1379888124,"S"
0,1.20978242,-0.4303798337,"S"
0,1.314387026,0.0294242663,"S"
0,1.314387026,1.7450110229,"S"
1,1.314387026,0.3779204637,"S"
0,1.270413774,0.4322657583,"S"
1,1.268585867,1.7152107533,"S"
0,1.350324381,0.0171477109,"S"
1,1.350324381,1.4397772685,"S"
0,1.442030166,0.1655855654,"S"
0,1.301729627,0.1545627231,"S"
1,1.301729627,0.5881476915,"S"
1,1.367948171,0.6824262369,"S"
0,1.367948171,1.6144889509,"S"
1,1.367948171,1.1773074404,"S"
1,1.453997789,0.6304425771,"S"
0,1.453997789,0.3319252763,"S"
0,1.453997789,2.3466334822,"S"
0,1.580675242,0.3737784897,"S"
0,1.533322086,2.1679578213,"S"
0,1.533322086,0.8801272824,"S"
1,1.533322086,1.0480416714,"S"
1,1.572673835,-0.2094316197,"S"
1,1.572673835,0.4484736935,"S"
1,1.572673835,0.3982413941,"S"
1,1.491694074,-0.2238082307,"S"
1,1.491694074,-0.4680016948,"S"
1,1.491694074,0.0783433578,"S"
0,1.491694074,-0.2283167179,"S"
0,1.491694074,-0.420735959,"S"
1,1.660585849,1.5014243073,"S"
1,1.546289884,-0.0873017956,"S"
0,1.546289884,0.8059114035,"S"
1,1.546289884,-0.6263448523,"S"
0,1.615474466,-0.7833998406,"S"
0,1.615474466,0.6291669326,"S"
0,1.615474466,0.1280032047,"S"
0,1.624027695,0.0588352301,"S"
0,1.624027695,-0.8888813697,"S"
1,1.624027695,2.4590655986,"S"
1,1.624027695,0.1844266363,"S"
0,1.624027695,0.3964896957,"S"
0,1.624027695,-0.0005879381,"S"
1,1.734150513,1.8647751349,"S"
1,1.734150513,-0.5563656205,"S"
0,1.78822899,1.7658829735,"S"
0,1.894351104,2.3585277282,"S"
0,1.894351104,-0.7096412352,"S"
1,1.894351104,1.5827886263,"S"
0,1.894351104,0.6701608796,"S"
0,1.990954302,0.7509735908,"S"
0,1.990954302,2.1329278329,"S"
0,1.904076952,-0.764311455,"S"
0,1.885625431,1.3674636059,"S"
0,1.885625431,2.2424272964,"S"
1,1.885625431,1.0833375572,"S"
0,1.885625431,0.0752402656,"S"
1,1.885625431,0.3335968683,"S"
0,2.047309042,0.8088393221,"S"
1,2.047309042,0.9595304937,"S"
1,2.146498902,-0.0675691647,"S"
0,2.146498902,0.0310684216,"S"
0,2.146498902,1.0025039729,"S"
0,2.146498902,0.7902549591,"S"
1,2.146498902,0.8824843242,"S"
0,2.146498902,-0.2035719841,"S"
1,2.146498902,2.3467031506,"S"
1,2.146498902,0.7524681124,"S"
1,2.103870715,0.6438351537,"S"
1,2.103870715,0.8717714197,"S"
0,2.103870715,1.2502326525,"S"
1,2.103870715,1.0462665176,"S"
0,2.190851531,1.5810998539,"S"
0,2.190851531,0.5411294386,"S"
0,2.190851531,0.0519056262,"S"
0,2.190851531,1.3567853656,"S"
1,2.192713927,-0.8551971755,"S"
1,2.192713927,1.2279862659,"S"
1,2.139670115,1.3793830843,"S"
0,2.139670115,1.7521684126,"S"
1,2.139670115,-0.0251835108,"S"
1,2.469831635,0.7113675532,"S"
1,2.469831635,0.6838878859,"S"
1,2.469831635,-0.5825718113,"S"
1,2.469831635,-0.9377345992,"S"
1,2.539395594,1.0944455523,"S"
0,2.539395594,0.7872789399,"S"
1,2.539395594,-0.1899838163,"S"
1,2.539395594,0.8683084738,"S"
