"index","SFR","Z","Mstar","Xmol","Mgas","Mdm","T"
1,2.2038152e-07,0,0,0.0001210175,181938.91,2328593.3,802.35003
2,0,0,0,2.3262039e-05,96940.896,1722977.4,790.4685
3,0,0,0,1.9713506e-05,70556.371,1504955.6,627.52476
4,0,0,0,1.7206953e-05,57173.53,1305102.4,657.12819
5,0,0,0,5.1687543e-05,69921.11,1170765.7,792.06874
6,0,0,0,3.644979e-05,55775.955,1007800,779.49967
7,0,0,0,3.0326594e-05,49804.497,1039732.5,682.16608
8,0,0,0,1.9965119e-05,35320.536,945036.16,653.29068
9,0,0,0,1.9423277e-05,28290.31,711874.02,710.81892
10,0,0,0,2.4267049e-05,31170.161,655716.9,634.61314
11,0,0,0,1.7150586e-05,22530.606,684896.58,638.92117
12,0,0,0,1.9637212e-05,32144.229,597908.11,616.31112
13,0,0,0,1.8590448e-05,25961.018,628739.47,567.32961
14,0,0,0,2.2944909e-05,28544.414,591851.95,619.25098
15,0,0,0,1.3973581e-05,20158.963,626261.95,509.82545
16,0,0,0,1.5113883e-05,19269.597,600110.35,580.53036
17,0,0,0,1.2205065e-05,17321.462,582767.71,432.99486
18,0,0,0,1.9095904e-05,18464.933,509267.96,568.45512
19,0,0,0,2.6542181e-05,20286.015,483116.36,578.54465
20,0,0,0,1.7130976e-05,21005.978,473756.84,591.78796
21,0,0,0,2.2732394e-05,16262.693,478436.6,502.93948
22,0,0,0,1.8203632e-05,16220.342,458065.88,594.48635
23,0,0,0,1.7236822e-05,13044.035,469077.08,523.43468
24,0,0,0,2.2653681e-05,17744.97,436043.48,663.96501
25,0,0,0,1.7707558e-05,15161.573,411268.29,484.16965
26,0,0,0,2.0592562e-05,13128.736,406863.81,564.12998
27,0,0,0,1.676347e-05,13891.05,366397.65,553.97515
28,1.9912161e-06,0,0,0.00042860737,240001.89,2641586.7,882.00391
29,0,0,0,3.0725422e-05,150641.66,2250689.1,979.19543
30,0,0,0,2.2861075e-05,88597.796,1698477.5,664.62829
31,0,0,0,7.6200779e-05,90207.127,1376399.9,796.88843
32,0,0,0,1.9297976e-05,70259.916,1411085.2,679.08868
33,0,0,0,4.1517073e-05,79322.979,1236282.4,830.64743
34,0,0,0,3.533791e-05,65304.876,1281428.3,730.41976
35,0,0,0,1.2767344e-05,38327.44,1115709.7,565.63454
36,0,0,0,2.1899694e-05,44002.443,949715.92,713.17566
37,0,0,0,1.9623809e-05,41503.748,958524.88,632.1648
38,0,0,0,2.7798004e-05,42181.36,893283.52,681.90455
39,0,0,0,2.2616326e-05,48533.974,845935.37,711.77907
40,0,0,0,2.2177873e-05,39301.508,828042.17,651.28389
41,0,0,0,1.9391719e-05,35108.782,785649.05,554.05664
42,0,0,0,1.7103708e-05,28756.168,804643.37,642.94185
43,0,0,0,2.9617673e-05,37734.53,730042.5,803.04518
44,0,0,0,1.9704655e-05,27655.048,772986.17,693.21621
45,0,0,0,1.6477065e-05,26808.033,776564.81,604.76051
46,0,0,0,2.4078484e-05,30026.691,729491.94,552.10304
47,0,0,0,1.6559266e-05,26299.824,725638.02,600.19401
48,0,0,0,2.3084438e-05,32186.58,616076.59,681.96065
49,0,0,0,1.2555404e-05,19057.843,649936.02,447.91345
50,0,0,0,2.240782e-05,19100.194,578913.79,720.02562
51,0,0,0,2.6635647e-05,20201.314,557717.23,635.26112
52,0,0,0,1.5553792e-05,20836.575,535419.55,479.22781
53,0,0,0,1.8803251e-05,16601.499,546981.31,600.26875
54,0,0,0,1.9343006e-05,21048.329,505138.76,527.33328
55,0,0,0,1.4331105e-05,16728.551,528812.84,506.3409
56,0,0,0,1.4946612e-05,16432.096,524683.64,589.98766
57,0,0,0,1.4478232e-05,16601.499,512296.04,563.58322
58,0,0,0,1.6448317e-05,17829.671,495228.68,526.51873
59,0,0,0,1.7228689e-05,15796.835,496054.52,599.21174
60,0,0,0,1.3824948e-05,15288.625,476509.64,515.51798
61,0,0,0,1.9467091e-05,17406.164,461369.24,476.59078
62,0,0,0,1.0238713e-05,13298.14,455313.08,414.71912
63,0,0,0,1.7568846e-05,13128.736,437419.88,447.13456
64,0,0,0,1.1696141e-05,14949.819,422004.2,485.4202
65,0,0,0,1.7622224e-05,13044.035,401633.49,535.28967
66,0,0,0,1.8616306e-05,14865.118,373004.37,507.86573
67,0,0,0,1.3123737e-05,15627.432,324279.81,583.84892
68,0,0,0,2.438007e-05,12832.281,220223.98,609.8707
69,0,0,0,4.1081253e-05,334698.08,5215179.2,857.7361
70,9.5238248e-06,4.43664418032787e-06,1.34904e-08,0.00081285046,425372.69,4431732.3,926.76998
71,0,0,0,4.9074998e-05,161568.16,2388879.6,779.17026
72,1.9715328e-08,0,0,0.00017355235,122520.78,1686365.1,748.77114
73,0,0,0,2.3635269e-05,96771.493,1625528.3,757.57894
74,0,0,0,4.7055565e-05,90884.737,1484584.9,769.92998
75,0,0,0,2.4106368e-05,62636.778,1345568.5,741.17764
76,0,0,0,1.5853032e-05,50947.968,1413838,600.51942
77,0,0,0,2.1474173e-05,61747.412,1259405.9,666.59962
78,0,0,0,1.9947304e-05,58740.508,1256928.4,807.5081
79,0,0,0,1.4513504e-05,53023.155,1268765.4,699.13835
80,0,0,0,2.5535857e-05,56538.268,1104148,766.91741
81,0,0,0,1.3229448e-05,38962.702,1066434.6,557.25901
82,0,0,0,3.0528684e-05,53446.663,931272.16,823.06129
83,0,0,0,2.7523162e-05,41969.606,912553.12,629.11719
84,0,0,0,2.4582177e-05,38327.44,926041.84,670.50836
85,0,0,0,2.9383883e-05,47305.802,859699.37,741.00363
86,0,0,0,2.7922673e-05,35701.693,915581.2,926.24024
87,0,0,0,1.6492748e-05,30831.355,939255.28,482.33608
88,0,0,0,2.1531871e-05,36125.201,885575.68,785.43468
89,0,0,0,3.5491728e-05,40868.486,797486.09,673.4655
90,0,0,0,1.5199201e-05,33118.297,827766.89,699.94079
91,0,0,0,2.1099671e-05,32779.49,827766.89,726.70561
92,0,0,0,2.726451e-05,30153.743,724812.18,806.19956
93,0,0,0,2.5830042e-05,26130.421,665351.7,579.99686
94,0,0,0,1.6238701e-05,20074.262,669480.9,586.63411
95,0,0,0,1.6270465e-05,23335.27,643604.59,550.50572
96,0,0,0,2.2301843e-05,21217.732,631492.27,672.91007
97,0,0,0,1.4217254e-05,21852.994,627087.79,513.85534
98,0,0,0,1.7178632e-05,22827.061,617728.27,646.91193
99,0,0,0,2.1252891e-05,21514.188,597908.11,614.62984
100,0,0,0,1.7286981e-05,21175.381,597082.27,646.67065
101,0,0,0,1.9169231e-05,23377.621,551936.35,576.76975
102,0,0,0,1.4379236e-05,21556.538,553863.31,613.58894
103,0,0,0,2.2057505e-05,23885.83,524683.64,575.65129
104,0,0,0,1.6637085e-05,19608.403,550284.67,586.89118
105,0,0,0,1.5586242e-05,18634.336,555514.99,561.56007
106,0,0,0,1.8597177e-05,17914.373,557166.67,484.11521
107,0,0,0,1.3980109e-05,17067.357,543677.95,549.64139
108,0,0,0,2.3799972e-05,20286.015,522481.4,545.17241
109,0,0,0,1.792307e-05,18210.828,526335.32,520.79682
110,0,0,0,1.1807294e-05,14483.961,541750.99,477.52458
111,0,0,0,2.077442e-05,18591.985,509543.24,610.97832
112,0,0,0,1.2923867e-05,15585.081,502661.24,481.28175
113,0,0,0,2.0048096e-05,15627.432,484217.48,536.38327
114,0,0,0,1.6425279e-05,15161.573,465773.72,502.84215
115,0,0,0,1.7266159e-05,15330.976,456964.76,502.08642
116,0,0,0,1.9617472e-05,18337.88,437144.6,528.68578
117,0,0,0,2.1510067e-05,13086.386,451183.88,538.68386
118,0,0,0,1.454884e-05,15246.275,422554.76,550.13009
119,0,0,0,1.4756216e-05,13213.438,417324.44,487.78512
120,0,0,0,1.2504446e-05,14822.767,394200.93,525.48519
121,0,0,0,2.0990993e-05,15415.678,336667.41,646.32255
122,0,0,0,2.2881771e-05,13975.752,330335.97,576.22346
123,1.5006632e-05,1.76665467213115e-05,5.226777e-08,0.0012616901,611048.13,6271428.4,949.22554
124,2.166222e-06,4.24839114754098e-07,4.1941396e-09,0.00028232816,403645.45,4421271.7,929.70569
125,0,0,0,3.8250246e-05,212939.64,3331988.8,844.05412
126,0,0,0,2.2569366e-05,200065,3394477.4,968.52729
127,1.594506e-07,0,0,0.00012457129,216920.64,2795192.9,871.17357
128,0,0,0,3.3635876e-05,136242.4,2215728.5,782.34961
129,2.3242847e-07,0,5.2938487e-10,0.00039334176,158646.05,2001010.1,704.98781
130,0,0,0,2.8191672e-05,120445.57,1974032.7,780.17662
131,3.984494e-08,0,0,7.9384233e-05,120064.42,1712241.5,741.7911
132,0,0,0,2.2312075e-05,92917.574,1880162.2,792.66803
133,0,0,0,1.5740171e-05,83727.458,1821802.9,683.52393
134,0,0,0,2.9159917e-05,90503.58,1616719.3,854.88223
135,0,0,0,3.058731e-05,65940.138,1325748.4,892.10725
136,0,0,0,2.6769699e-05,67083.608,1280051.9,728.18157
137,0,0,0,2.5308453e-05,64584.913,1267939.6,717.3163
138,0,0,0,2.4249972e-05,59375.77,1300422.6,762.60183
139,0,0,0,2.971916e-05,53361.961,1235181.3,771.90239
140,0,0,0,1.8329625e-05,65431.929,1150119.7,854.82091
141,0,0,0,1.8761477e-05,53277.26,1157552.3,699.30997
142,0,0,0,2.8708418e-05,56157.112,1137181.6,680.36556
143,0,0,0,2.4662721e-05,50609.162,1125344.5,783.0497
144,0,0,0,1.8188258e-05,52260.841,1092586.2,746.25139
145,0,0,0,1.8086968e-05,45781.175,1038631.4,815.88927
146,0,0,0,1.7381326e-05,38327.44,1051019,535.05296
147,0,0,0,1.6924545e-05,44298.898,968434.96,588.13168
148,0,0,0,4.1821498e-05,47814.011,916957.6,716.66951
149,0,0,0,3.5471696e-05,49677.445,871811.69,804.16621
150,0,0,0,1.2509668e-05,24817.547,816755.69,537.55277
151,0,0,0,2.7521001e-05,28925.571,774913.13,704.75277
152,0,0,0,1.5827247e-05,27951.504,776564.81,568.40091
153,0,0,0,2.2659415e-05,31636.02,744357.06,596.07171
154,0,0,0,1.8038227e-05,27485.645,752340.18,588.17768
155,0,0,0,2.0419878e-05,24563.442,771059.21,715.34706
156,0,0,0,1.7420287e-05,27655.048,747385.14,629.8388
157,0,0,0,2.4558496e-05,27655.048,738576.18,678.0284
158,0,0,0,2.1891723e-05,33330.05,697834.74,754.48869
159,0,0,0,1.6751097e-05,28036.205,717104.34,583.96161
160,0,0,0,1.4441133e-05,26257.473,708845.94,557.39194
161,0,0,0,1.2423469e-05,24351.689,675812.34,477.5561
162,0,0,0,1.978269e-05,26892.734,638649.55,686.73147
163,0,0,0,2.227364e-05,25241.055,618278.83,631.49675
164,0,0,0,1.7856155e-05,21175.381,633969.79,570.73701
165,0,0,0,1.600188e-05,24817.547,610295.71,650.30931
166,0,0,0,1.9985972e-05,20031.911,636447.31,539.3058
167,0,0,0,1.4987938e-05,19269.597,639200.11,525.77885
168,0,0,0,2.3528502e-05,22234.151,614424.91,621.64913
169,0,0,0,1.6561949e-05,32906.543,539824.03,756.33436
170,0,0,0,1.6808698e-05,19184.896,574784.59,450.2808
171,0,0,0,2.7663859e-05,21005.978,549458.83,567.27046
172,0,0,0,1.1915741e-05,14992.17,574784.59,411.6742
173,0,0,0,2.0278969e-05,17025.007,535419.55,597.60939
174,0,0,0,1.5220626e-05,18930.791,517251.08,453.46807
175,0,0,0,2.2402994e-05,15669.782,531015.07,528.85091
176,0,0,0,1.5590236e-05,15627.432,531015.07,531.79523
177,0,0,0,2.0730018e-05,17152.059,514498.28,600.00179
178,0,0,0,1.7570727e-05,15246.275,505414.04,563.86798
179,0,0,0,1.7144162e-05,18337.88,484217.48,473.18708
180,0,0,0,1.6831261e-05,14949.819,505689.32,480.88243
181,0,0,0,9.8928178e-06,13340.49,514773.56,354.4178
182,0,0,0,1.8341357e-05,18126.127,459717.56,622.85169
183,0,0,0,2.205435e-05,23335.27,421178.36,673.84789
184,0,0,0,1.164905e-05,13552.244,476509.64,467.64376
185,0,0,0,1.5841637e-05,14695.715,466599.56,526.41195
186,0,0,0,1.6091619e-05,13509.893,462745.64,495.72967
187,0,0,0,1.5285649e-05,13721.647,456138.92,499.71353
188,0,0,0,1.6881627e-05,18380.231,424757,714.88136
189,0,0,0,1.6101828e-05,12789.93,440447.96,600.08999
190,0,0,0,1.3233098e-05,13425.192,420352.52,426.92024
191,0,0,0,1.2008697e-05,13763.998,411268.29,511.96285
192,0,0,0,1.2878009e-05,13213.438,409066.05,457.95369
193,0,0,0,1.2690642e-05,13721.647,388144.77,484.8166
194,0,0,0,1.8544716e-05,18380.231,351532.53,681.24224
195,0,0,0,1.6954463e-05,13171.087,357313.41,607.35803
196,2.816353e-05,4.28831590163934e-05,1.4455422e-07,0.0030692397,759517.64,7751333.6,1040.595
197,1.1280871e-05,9.33474426229508e-06,3.1162947e-08,0.00089276946,589232.41,5449993,1079.8329
198,0,0,0,3.2662972e-05,406059.11,5453846.9,1112.9922
199,0,0,0,2.7394205e-05,301664.48,4919803.7,891.99941
200,0,0,0,2.3394463e-05,298826.98,4817950.2,967.46417
201,1.5915094e-07,0,0,7.1317978e-05,332368.81,4230227.4,997.77448
202,2.4248846e-06,0,0,0.00050153231,280701.07,2993394.5,881.57867
203,0,0,0,4.0111801e-05,171817.05,2629199.1,830.75462
204,1.3000903e-06,6.05322491803279e-06,7.2075427e-09,0.00076726924,192485.41,2317582.1,745.66186
205,6.215419e-07,1.06820442622951e-06,1.0035142e-09,0.00021277654,169657.37,2188200.5,789.2349
206,0,0,0,3.4474812e-05,135607.14,2169756.8,860.06131
207,0,0,0,2.4271875e-05,103674.67,1956139.5,878.60537
208,0,0,0,2.8959546e-05,98338.471,1938521.6,696.14561
209,0,0,0,3.0469035e-05,105792.21,1773904.2,770.96103
210,0,0,0,4.1178049e-05,110323.74,1739769.5,840.60069
211,0,0,0,3.5346142e-05,86988.467,1737567.2,838.49761
212,0,0,0,2.8445626e-05,80678.203,1476051.2,772.02547
213,0,0,0,1.9655793e-05,66871.855,1558084.7,691.50573
214,0,0,0,3.2576386e-05,83007.495,1431731.2,793.41843
215,0,0,0,3.158384e-05,71488.088,1405854.8,780.40243
216,0,0,0,3.1212868e-05,74283.238,1385484.1,847.54365
217,0,0,0,2.1213297e-05,65686.033,1324922.5,738.94637
218,0,0,0,4.2538264e-05,70302.266,1223068.9,678.29269
219,0,0,0,1.9145402e-05,55013.641,1259130.6,591.55501
220,0,0,0,1.3021265e-05,48872.78,1253349.7,637.24905
221,0,0,0,2.7093137e-05,44637.704,1061754.9,692.20048
222,0,0,0,1.5086621e-05,38327.44,1069187.4,631.75719
223,0,0,0,2.2437659e-05,53997.223,874289.21,794.71579
224,0,0,0,2.3475478e-05,44891.809,931272.16,648.61807
225,0,0,0,2.2127209e-05,42520.166,930996.88,771.85019
226,0,0,0,2.31522e-05,35235.835,968159.68,785.41043
227,0,0,0,2.1516952e-05,37141.619,846761.21,717.15446
228,0,0,0,2.893101e-05,38242.739,839328.65,758.63137
229,0,0,0,2.3085214e-05,33033.595,850339.85,711.09556
230,0,0,0,2.2743858e-05,33922.961,837676.97,618.44717
231,0,0,0,2.0655208e-05,31254.863,851440.97,694.27351
232,0,0,0,2.3499858e-05,35955.798,784547.93,688.05272
233,0,0,0,1.5091337e-05,30619.602,798036.65,540.90824
234,0,0,0,1.6927597e-05,26215.122,812351.21,579.33455
235,0,0,0,1.9454263e-05,31000.758,763351.38,519.44073
236,0,0,0,1.8693008e-05,26045.719,788677.13,497.28647
237,0,0,0,2.3066211e-05,25537.51,735272.82,627.63323
238,0,0,0,1.2038251e-05,21048.329,741053.7,431.51314
239,0,0,0,1.0802679e-05,20370.717,710497.62,421.82655
240,0,0,0,2.0130924e-05,24521.092,683244.9,574.77363
241,0,0,0,1.9064123e-05,26638.63,638649.55,633.03441
242,0,0,0,1.9642895e-05,22403.554,653239.38,574.76176
243,0,0,0,1.4463126e-05,20158.963,655716.9,515.84634
244,0,0,0,1.8190832e-05,20963.628,648834.9,629.85867
245,0,0,0,1.656251e-05,20794.225,629840.59,531.93862
246,0,0,0,1.4332113e-05,18973.142,630391.15,519.38267
247,0,0,0,1.430564e-05,23547.024,596531.71,591.80809
248,0,0,0,1.9954701e-05,18888.44,613048.51,575.59435
249,0,0,0,3.1158984e-05,22869.412,585795.79,607.45613
250,0,0,0,1.9197588e-05,22530.606,583593.55,668.33985
251,0,0,0,1.1930232e-05,16601.499,603413.71,469.25683
252,0,0,0,1.7571715e-05,18380.231,577812.67,519.30322
253,0,0,0,1.9899951e-05,18507.283,538722.91,569.80751
254,0,0,0,1.0735357e-05,14229.856,565425.07,472.44013
255,0,0,0,1.0707874e-05,14526.312,561295.87,348.4817
256,0,0,0,1.8012716e-05,16474.447,558267.79,551.06429
257,0,0,0,1.2065238e-05,14356.909,544503.79,464.70749
258,0,0,0,1.166015e-05,19142.545,518352.2,481.37758
259,0,0,0,1.7667241e-05,16432.096,527161.16,533.14036
260,0,0,0,1.9568703e-05,21217.732,486419.72,630.57808
261,0,0,0,2.014315e-05,17279.111,511745.48,545.27582
262,0,0,0,1.4503059e-05,21302.434,477335.48,674.19362
263,0,0,0,1.7066077e-05,15458.028,514498.28,495.52039
264,0,0,0,1.5836397e-05,15923.887,503487.08,463.55813
265,0,0,0,1.4042691e-05,14399.259,506790.44,586.52461
266,0,0,0,9.9542411e-06,12959.333,505414.04,411.10245
267,0,0,0,1.4017785e-05,13975.752,480088.28,564.02935
268,0,0,0,1.5804572e-05,15458.028,468251.24,479.81422
269,0,0,0,1.3499469e-05,16093.29,452285,520.15932
270,0,0,0,1.4480666e-05,15542.73,449807.48,546.84768
271,0,0,0,1.858183e-05,16643.85,437970.44,630.92381
272,0,0,0,1.4960351e-05,16135.641,439622.12,597.28644
273,0,0,0,1.1151522e-05,13975.752,452560.28,451.33279
274,0,0,0,1.1451788e-05,14060.453,445678.28,454.60817
275,0,0,0,1.1439244e-05,12874.632,450633.32,406.3915
276,0,0,0,1.2061888e-05,12874.632,421178.36,417.47426
277,0,0,0,1.042516e-05,13213.438,399155.97,466.78888
278,0,0,0,1.8892431e-05,13171.087,369150.45,471.07782
279,0,0,0,1.3417017e-05,13128.736,344375.25,570.28603
280,0,0,0,1.2574416e-05,14145.155,295375.41,632.08438
281,0,0,0,1.7215213e-05,16643.85,256010.38,752.23276
282,0,0,0,1.2245661e-05,18168.477,243898.06,709.05328
283,3.0277648e-05,8.60390819672131e-05,1.153936e-07,0.013344488,785964.47,7487615.4,1232.4405
284,2.9035878e-07,0,0,0.00011240919,629840.63,6792808.7,1053.5124
285,0,0.000122279360655738,0,0.026713369,424116.77,5841165.8,1012.9067
286,1.1945118e-06,0,0,0.00024717421,462639.91,5243808.3,931.15822
287,7.8528264e-06,0.000131349393442623,1.6239915e-08,0.027726978,376035.77,3868234.2,853.63696
288,0,0,0,2.4985104e-05,236910.17,3308314.8,1025.8715
289,0,0,0,2.5241274e-05,200657.91,3408516.7,811.32805
290,9.7799764e-07,2.98957950819672e-06,3.0005565e-09,0.0004663988,249531.72,3068545.9,797.57839
291,0,0,0,4.6271372e-05,250801.22,2976051.8,972.70893
292,0,0,0,4.9856975e-05,226534.23,3080382.9,920.14558
293,2.4068131e-06,1.33502680327869e-05,1.2896965e-08,0.00226073,232256.16,2846395,693.02643
294,0,0,0,3.0206404e-05,157375.43,2765187.4,803.86213
295,0,0,0,1.9065144e-05,132007.33,2877776.9,750.2096
296,0,0,0,4.6240111e-05,162118.72,2486879.3,978.59198
297,0,0,0,3.3548549e-05,137301.17,2453295.2,813.24404
298,0,0,0,3.3971004e-05,139969.27,2115801.9,838.46374
299,0,0,0,4.3794647e-05,120742.03,2015875.3,856.10452
300,0,0.000120514008196721,0,0.026318151,121883.73,1952010.3,749.12804
301,1.9772266e-08,0,0,6.7429933e-05,127984.01,1796752.4,831.03406
302,0,0.000123396713114754,0,0.026946967,96973.957,1899156.6,784.85518
303,0,0,0,3.757963e-05,111170.75,1735365,816.16905
304,0,0,0,3.6451494e-05,100498.36,1772803,852.08942
305,0,0,0,3.2779211e-05,106088.66,1623050.7,813.94469
306,0,0,0,2.1306e-05,75257.306,1585337.4,688.74169
307,0,0,0,2.6317379e-05,79831.188,1459534.4,811.46235
308,0,0,0,2.8347804e-05,62128.569,1396495.3,678.74673
309,0,0,0,5.225722e-05,77501.896,1285282.2,700.0202
310,0,0,0,1.477627e-05,60265.136,1376124.6,640.44789
311,0,0,0,1.772677e-05,58062.896,1371444.8,707.53301
312,0,0,0,2.0313089e-05,48068.116,1420995.2,864.4354
313,0,0,0,2.2890191e-05,59502.822,1283905.8,671.8201
314,0,0,0,2.4293637e-05,54717.186,1179299.4,733.64448
315,0,0,0,1.7260289e-05,52218.491,1177097.2,636.51753
316,0,0,0,2.7893803e-05,54081.924,1056524.6,858.40162
317,0,0,0,2.0236479e-05,43960.092,1106074.9,648.76355
318,0,0,0,2.4508989e-05,54166.626,1035328,744.28577
319,0,0,0,2.3665579e-05,52091.438,1041384.2,749.396
320,0,0,0,3.106779e-05,53827.82,1018535.9,762.22032
321,0,0,0,1.6758963e-05,39216.806,1097541.3,560.19964
322,0,0,0,1.984929e-05,38539.194,1035878.6,574.43947
323,0,0,0,1.6273213e-05,42816.621,996788.8,682.61876
324,0,0,0,1.3693634e-05,32440.684,1012755,508.82172
325,0,0,0,3.1533429e-05,42096.658,945862,979.36915
326,0,0,0,1.3970739e-05,35320.536,987429.28,548.30291
327,0,0,0,1.9212132e-05,35108.782,971738.32,672.61204
328,0,0,0,1.6551463e-05,34769.976,964856.32,536.71631
329,0,0,0,2.1497454e-05,33033.595,955221.52,558.63928
330,0,0,0,1.628767e-05,57427.634,770783.93,794.55244
331,0,0,0,2.264626e-05,35235.835,898238.56,597.40887
332,0,0,0,2.5362268e-05,38115.687,867407.21,669.04688
333,0,0,0,1.201306e-05,33668.857,877317.29,535.29359
334,0,0,0,1.7037702e-05,33202.998,828868.01,620.62472
335,0,0,0,2.6577042e-05,28840.87,847862.33,810.23837
336,0,0,0,2.5467531e-05,31890.124,806295.05,669.69526
337,0,0,0,1.1927863e-05,27316.242,835474.73,597.28604
338,0,0,0,1.2654042e-05,25833.965,829693.85,524.19029
339,0,0,0,1.1314092e-05,21980.046,788952.41,533.97059
340,0,0,0,1.2163835e-05,20624.822,792255.77,486.95511
341,0,0,0,1.2250182e-05,21725.941,782070.41,489.86214
342,0,0,0,1.929554e-05,25791.615,752340.18,699.71104
343,0,0,0,1.1829507e-05,21810.643,765828.89,553.32918
344,0,0,0,2.3192687e-05,25368.107,741879.54,654.59628
345,0,0,0,2.1506299e-05,25071.652,742705.38,601.33
346,0,0.00275380483606557,0,0.027833135,21352.306,766654.73,422.85395
347,0,0,0,1.6733346e-05,34346.469,677188.74,727.32925
348,0,0,0,1.360325e-05,31127.811,697559.46,598.51994
349,0,0,0,1.5746239e-05,23335.27,718480.74,513.3188
350,0,0,0,1.818849e-05,24521.092,680767.38,544.98012
351,0,0,0,1.9871149e-05,25029.301,673059.54,604.55864
352,0,0,0,1.3721228e-05,22445.904,671683.14,523.14469
353,0,0,0,2.1633651e-05,23377.621,659570.82,608.87979
354,0,0,0,1.0837455e-05,18380.231,687374.1,480.37513
355,0,0,0,1.7333978e-05,18507.283,676913.46,491.60448
356,0,0,0,1.0948625e-05,25876.316,620205.79,577.58168
357,0,0,0,1.0308375e-05,19947.209,649110.18,464.73333
358,0,0,0,1.1949296e-05,19354.299,649936.02,526.43901
359,0,0,0,1.1293786e-05,16516.798,609469.87,479.91715
360,0,0,0,1.6187486e-05,16559.148,606441.79,578.77513
361,0,0,0,1.3695728e-05,16813.253,601211.47,445.98315
362,0,0,0,2.2387228e-05,24436.39,547531.87,746.35766
363,0,0,0,1.5532521e-05,18337.88,587172.19,493.84419
364,0,0,0,1.0705698e-05,17406.164,592953.07,430.83464
365,0,0,0,2.0266863e-05,20243.665,572031.79,540.92552
366,0,0.00261756327868852,0,0.026456125,15886.856,594054.19,427.73541
367,0,0,0,1.2576604e-05,15881.536,568177.87,474.71059
368,0,0,0,1.0986334e-05,14695.715,569278.99,443.58544
369,0,0,0,1.1017313e-05,16813.253,549458.83,513.56881
370,0,0,0,1.7773562e-05,14483.961,559093.63,714.84468
371,0,0,0,1.3924116e-05,16135.641,546706.03,660.82093
372,0,0,0,1.510739e-05,17025.007,535694.83,534.75835
373,0,0,0,1.3994548e-05,16516.798,530739.79,508.05179
374,0,0,0,1.4956658e-05,15246.275,533767.87,466.04921
375,0,0,0,1.7382672e-05,14822.767,526335.32,453.00623
376,0,0,0,1.3196875e-05,13975.752,523582.52,551.86385
377,0,0,0,1.051689e-05,14102.804,521380.28,420.90048
378,0,0,0,1.119654e-05,18676.686,489998.36,519.69308
379,0,0,0,1.1200086e-05,14018.103,518352.2,449.93173
380,0,0,0,1.5374019e-05,16474.447,470728.76,604.08459
381,0,0,0,1.6400889e-05,13086.386,487520.84,451.40429
382,0,0,0,1.543015e-05,12747.58,478161.32,450.07308
383,0,0,0,1.3269395e-05,19566.052,428610.92,538.83864
384,0,0,0,1.3615902e-05,16982.656,436594.04,647.31653
385,0,0,0,1.1230749e-05,13382.841,459717.56,464.53198
386,0,0,0,1.4168396e-05,15796.835,431088.44,567.66161
387,0,0,0,2.173821e-05,18591.985,406863.81,612.4892
388,0,0,0,1.7314477e-05,14483.961,430813.16,530.09519
389,0,0,0,2.1704373e-05,15076.872,423655.88,616.44209
390,0,0.00247854172131148,0,0.025051101,13259.993,404661.57,493.48332
391,0,0,0,1.8656447e-05,15796.835,382639.17,818.87827
392,0,0,0,1.3377968e-05,18041.425,367774.05,703.01441
393,0,0,0,1.8926574e-05,14145.155,382363.89,501.83568
394,0,0,0,1.1782758e-05,13552.244,384566.13,553.2206
395,0,0,0,1.3429477e-05,14145.155,341347.17,532.16845
396,0,0,0,1.1626928e-05,13171.087,300330.45,584.17375
397,4.9910479e-05,0.000114009196721311,4.5936394e-07,0.014723276,1116015.9,12708300,1222.8875
398,4.0888863e-05,0.000157094532786885,2.6313836e-07,0.014432797,969428.59,10709492,1074.0181
399,1.4185036e-05,3.53791663934426e-06,2.3901297e-08,0.0007135376,822666.59,7436413.3,1051.5671
400,1.1222804e-07,0,0,5.7359986e-05,677061.67,8140579.5,938.71058
401,0,0.000156407975409836,0,0.012552399,567897.8,6520006.2,944.56958
402,1.1311381e-05,0.000195609901639344,5.499367e-08,0.018827703,408514.25,4338137.2,711.80914
403,0,0,0,4.0687774e-05,337959.09,3913930.7,1100.3379
404,0,0,0,3.0662445e-05,262024.17,4158929.9,882.46457
405,0,0,0,9.266518e-05,321103.49,3650212.5,866.84416
406,2.9348772e-06,1.47599942622951e-05,1.8037009e-08,0.0016675851,318483.35,3552488.1,835.93758
407,1.9904674e-07,0,0,0.00010601137,277312.82,3433016.6,856.77049
408,0,0,0,4.2082227e-05,249615.4,3575336.3,1024.6724
409,4.7080758e-06,3.13318508196721e-05,3.1510485e-08,0.0074877083,259494.59,3217747.6,711.5755
410,0,0,0,3.8265383e-05,208238.7,3061388.6,851.06616
411,0,0,0,2.8658932e-05,176560.33,2788310.9,888.19785
412,2.2131053e-07,0,0,0.0001926238,170165.42,2460452.4,721.72162
413,0,0,0,6.1877207e-05,166523.2,2386677.4,815.9818
414,0,0,0,4.1630326e-05,173172.27,2315930.4,868.24006
415,0,0,0,1.8765477e-05,129381.58,2396862.8,894.64906
416,0,0.000153061,0,0.012252423,131277.47,2366031.4,898.05522
417,0,0,0,2.227559e-05,117311.61,2436227.8,822.06737
418,0,0,0,1.9758431e-05,142637.37,2216554.4,926.41294
419,0,0,0,4.6247799e-05,133277.85,2040375.2,860.43942
420,0,0,0,4.5873121e-05,135098.93,1980364.2,789.36426
421,0,0,0,5.0859601e-05,119852.66,2064049.3,684.90567
422,0,0,0,1.8181847e-05,95035.112,2160397.3,697.25468
423,0,0,0,1.8437226e-05,74156.186,1925032.9,1228.6858
424,0,0,0,3.4277826e-05,105792.21,1710314.5,864.85027
425,0,0,0,1.9979526e-05,83473.354,1763718.8,770.02951
426,0,0,0,2.3285267e-05,83261.6,1688567.4,829.90185
427,0,0,0,2.556934e-05,91647.051,1568545.3,776.45842
428,0,0,0,3.153058e-05,85760.295,1515691.6,723.57418
429,0,0,0,2.1412594e-05,75257.306,1563315,780.54946
430,0,0,0,3.2331258e-05,73055.066,1569095.9,697.84608
431,0,0,0,1.2779636e-05,53700.767,1449073.8,703.0776
432,0,0,0,1.940483e-05,56030.059,1415764.9,707.56475
433,0,0,0,1.9009413e-05,56241.813,1411911,718.57817
434,0,0,0,2.8581646e-05,69158.796,1306203.5,793.5493
435,0,0,0,2.8437558e-05,60476.889,1336209,767.03552
436,0,0,0,1.7487288e-05,57300.582,1353551.6,672.34855
437,0,0,0,1.4195867e-05,52472.595,1383557.2,569.63041
438,0,0,0,1.3084381e-05,53658.417,1311709.1,631.85836
439,0,0,0,2.3025161e-05,57639.388,1273720.5,684.32445
440,0,0,0,2.2530166e-05,54928.939,1248394.7,669.01178
441,0,0,0,2.0162195e-05,50778.565,1261057.6,625.41299
442,0,0,0,2.1850083e-05,46204.682,1246467.7,675.31266
443,0,0,0,1.3840428e-05,40360.277,1261883.4,536.90924
444,0,0,0,1.9470793e-05,54674.835,1102771.6,710.51548
445,0,0.00222399270491803,0,0.011869636,36218.586,1206001.6,501.97528
446,0,0,0,2.5324138e-05,45442.369,1126170.4,664.92108
447,0,0,0,1.8648156e-05,46458.787,1113782.8,664.73443
448,0,0,0,1.6634513e-05,40953.188,1142136.6,643.76529
449,0,0,0,1.9762259e-05,45188.264,1089558.1,678.21731
450,0,0,0,1.8537828e-05,53531.364,1015507.8,775.15708
451,0,0,0,1.918712e-05,38539.194,1095063.7,576.62429
452,0,0,0,2.218286e-05,39809.717,1033951.6,589.6083
453,0,0,0,2.9469927e-05,46416.436,978069.76,735.75624
454,0,0,0,1.4598365e-05,32864.192,1044137,543.33979
455,0,0,0,1.6343506e-05,31636.02,1005873,593.29969
456,0,0,0,1.3424029e-05,45272.966,906772.24,727.56241
457,0,0,0,1.2106321e-05,28883.22,1011103.4,559.51509
458,0,0,0,1.3404913e-05,42901.323,915581.2,731.62884
459,0,0,0,1.5817369e-05,30704.303,993210.16,689.76191
460,0,0,0,1.3748047e-05,38666.247,915856.48,629.17829
461,0,0,0,1.4180926e-05,33202.998,937878.88,699.51753
462,0,0,0,2.3858991e-05,47686.959,841530.89,726.34803
463,0,0,0,1.4251541e-05,27824.451,969260.8,633.94944
464,0,0.00230437032786885,0,0.012296115,34609.171,871261.13,580.53758
465,0,0,0,1.8742757e-05,34346.469,862452.17,585.3969
466,0,0,0,1.4443865e-05,32483.035,865480.25,619.2322
467,0,0,0,2.3905138e-05,28417.362,862727.45,872.33752
468,0,0,0,2.4514319e-05,29603.183,820059.05,649.29673
469,0,0,0,1.4596299e-05,25410.458,835750.01,499.89404
470,0,0,0,1.8980514e-05,30492.549,801615.29,650.63353
471,0,0,0,1.456676e-05,24521.092,832721.93,557.77865
472,0,0,0,2.2623847e-05,30407.848,790328.81,610.49423
473,0,0,0,1.2831736e-05,27189.19,809047.85,527.5231
474,0,0,0,1.4339023e-05,29010.273,792255.77,516.60159
475,0,0,0,1.2587528e-05,25706.913,811250.09,522.67917
476,0,0,0,1.436451e-05,24690.495,785373.77,877.57767
477,0,0.00218117172131148,0,0.01164099,22578.266,793907.45,549.57945
478,0,0,0,1.2950468e-05,24944.599,761974.98,564.4999
479,0,0,0,1.1201678e-05,22107.098,765828.89,522.60837
480,0,0,0,1.4853192e-05,26723.331,730868.34,521.39623
481,0,0,0,1.5331e-05,29941.989,709671.78,698.24527
482,0,0,0,1.1604654e-05,22827.061,742705.38,527.99917
483,0,0,0,2.1179063e-05,27527.996,698660.58,625.83326
484,0,0,0,1.4550539e-05,30916.057,702239.22,631.91346
485,0,0,0,1.7264881e-05,25452.809,666728.1,525.9529
486,0,0,0,1.5107169e-05,18295.53,724812.18,932.17432
487,0,0,0,1.1312216e-05,20878.926,699761.7,613.96334
488,0,0.00226714450819672,0,0.012094033,23129.169,674160.66,511.12515
489,0,0,0,1.2201311e-05,23631.726,665351.7,572.50774
490,0,0,0,1.4113547e-05,19523.702,682419.06,627.53993
491,0,0,0,2.3424157e-05,23547.024,651862.98,601.82511
492,0,0,0,1.2336154e-05,19608.403,651862.98,498.21969
493,0,0,0,2.2294935e-05,25368.107,608368.75,637.2714
494,0,0,0,1.5381528e-05,28502.063,583593.55,698.43826
495,0,0.00133486868852459,0,0.0071330251,19865.366,635896.75,477.48587
496,0,0,0,1.1200893e-05,18591.985,638924.83,438.88681
497,0,0.00218970393442623,0,0.011684125,17664.438,608919.31,526.03038
498,0,0,0,1.9252893e-05,16855.604,612222.67,497.58633
499,0,0,0,9.6368831e-06,21260.083,581941.87,542.39658
500,0,0,0,1.6245337e-05,24436.39,557166.67,686.28423
501,0,0,0,1.3747711e-05,14060.453,622958.59,523.19514
502,0,0,0,1.5511566e-05,17236.76,599009.23,562.55163
503,0,0,0,1.8379762e-05,15923.887,606166.51,468.10436
504,0,0,0,1.2145516e-05,15246.275,606992.35,427.79191
505,0,0,0,1.7732608e-05,17152.059,586896.91,464.60359
506,0,0,0,1.3911577e-05,18803.739,573958.75,483.63611
507,0,0,0,1.0231647e-05,12874.632,611947.39,442.73958
508,0,0,0,1.7732638e-05,17279.111,578638.51,516.83423
509,0,0,0,1.6034451e-05,17406.164,568728.43,606.08628
510,0,0,0,1.8389482e-05,16389.745,570380.11,506.61513
511,0,0,0,1.9803359e-05,17617.917,546430.75,491.84926
512,0,0,0,9.1601635e-06,13848.699,569554.27,395.45131
513,0,0,0,1.127152e-05,13340.49,571756.51,450.86016
514,0,0,0,1.4109854e-05,16093.29,542852.11,512.99787
515,0,0,0,1.2155293e-05,13467.543,559093.63,521.64121
516,0,0,0,1.0420852e-05,17702.619,526885.88,563.65151
517,0,0,0,1.3235913e-05,13044.035,546155.47,588.79747
518,0,0,0,1.9376028e-05,17575.567,508992.68,596.60669
519,0,0.00230296131147541,0,0.012285808,13852.138,532391.47,409.79576
520,0,0,0,1.7220054e-05,22064.747,478711.88,625.3073
521,0,0,0,1.2147957e-05,18591.985,495779.24,638.35527
522,0,0,0,1.4859344e-05,13340.49,528537.56,930.45066
523,0,0,0,1.5627057e-05,23589.375,456138.92,1108.3284
524,0,0.00225701426229508,0,0.012042621,14487.486,506515.16,477.00398
525,0,0,0,1.3401873e-05,16601.499,488071.4,555.32225
526,0,0,0,1.0712088e-05,13975.752,494127.56,459.5285
527,0,0,0,1.2801894e-05,13171.087,490273.64,453.17729
528,0,0,0,1.7381176e-05,13679.296,486419.72,548.90385
529,0,0,0,1.7316876e-05,15923.887,490548.92,516.49568
530,0,0,0,1.218472e-05,12832.281,470453.48,509.661
531,0,0,0,1.3680039e-05,16262.693,467975.96,499.47758
532,0,0,0,1.4660428e-05,19566.052,444852.44,640.3113
533,0,0,0,9.7454794e-06,14060.453,480638.84,463.3296
534,0,0,0,1.4377287e-05,15585.081,467150.12,589.16011
535,0,0,0,1.180459e-05,13806.349,477060.2,439.55304
536,0,0,0,1.5404557e-05,14060.453,471279.32,794.77864
537,0,0,0,1.5547637e-05,27612.697,382363.89,688.80283
538,0,0.00248837475409836,0,0.013276185,14021.864,465773.72,421.90598
539,0,0,0,1.3090883e-05,18295.53,436318.76,652.1371
540,0,0,0,9.6704143e-06,13213.438,469077.08,462.34345
541,0,0,0,1.1132992e-05,14695.715,453936.68,523.11917
542,0,0,0,1.0422164e-05,13933.401,455863.64,443.70268
543,0,0.00218784040983607,0,0.011677426,13851.967,455313.08,500.31268
544,0,0,0,1.4811298e-05,16728.551,433015.4,713.22998
545,0,0,0,1.1704689e-05,13128.736,455588.36,514.44525
546,0,0,0,1.7207683e-05,22022.397,396678.45,774.36916
547,0,0.00217669114754098,0,0.01161404,14106.114,371352.69,548.90993
548,0,0.00240177991803279,0,0.012812655,18512.077,332538.21,561.91245
549,0,0,0,1.9058143e-05,13806.349,344925.81,623.60464
550,0,0,0,1.7276789e-05,13213.438,348229.17,595.19136
551,0,0,0,2.896922e-05,14145.155,341347.17,623.02639
552,8.6884592e-06,1.57881737704918e-06,1.965133e-08,0.00027689841,1612000.1,16385765,1115.5273
553,6.733923e-05,0.000174134327868852,7.9586708e-07,0.020453005,1282915.8,15696740,1564.5813
554,4.2096207e-05,3.42357819672131e-05,1.709195e-07,0.0020414771,1162027.9,12112594,1215.696
555,4.412852e-05,0.00013379287704918,4.9076821e-07,0.020285691,1025573.3,12315200,1321.2701
556,1.6550687e-05,1.38057573770492e-05,4.9938172e-08,0.0032376281,859906.08,8492387.3,1081.3193
557,6.0692523e-06,1.089555e-06,7.2615826e-09,0.0017730576,754184.96,7100296.4,1115.8826
558,1.3711786e-06,8.81968852459016e-07,3.0673565e-09,0.00016680651,581222.55,6813454.7,1338.5381
559,0,0,0,2.0682759e-05,339653.12,5573869,1024.1162
560,1.222938e-05,8.53118278688524e-05,1.1054593e-07,0.02352684,399293.52,4855388.2,896.28096
561,3.4647041e-06,7.12154606557377e-06,2.016551e-08,0.00058559772,451589.04,4474400.7,785.93315
562,0,0,0,4.3155381e-05,357101.63,5004314.7,996.86114
563,3.795977e-07,0,0,9.4453887e-05,335333.38,4517069.1,859.18544
564,2.4001228e-06,4.3750312295082e-06,9.2404572e-09,0.00051744049,385054.83,4115986.2,834.7701
565,5.165592e-06,2.82058008196721e-05,3.5100976e-08,0.0067668878,359318.6,3954672.1,945.03693
566,0,0,0,2.8696161e-05,274771.75,4141587.2,926.84485
567,4.8689888e-06,6.00207762295082e-05,5.4797208e-08,0.015894861,285174.62,3614426.1,868.7725
568,4.5819289e-07,0,0,0.00013081044,282310.25,3551662.3,997.8155
569,0,0,0,4.6949027e-05,235427.89,3550010.6,822.8098
570,0,0,0,5.2886684e-05,228185.91,3343550.6,843.38947
571,1.963161e-08,0,0,6.6323647e-05,246904.95,3098826.7,869.28222
572,4.4093645e-07,6.34863549180328e-06,4.918516e-09,0.00051512638,228992.43,3075703.2,715.56276
573,0,0,0,3.3560337e-05,206502.32,3042119,908.17045
574,0,0,0,2.0978416e-05,158095.4,3221601.6,901.35734
575,0,0,0,1.8164294e-05,155681.4,3048450.5,875.32154
576,0,0,0,2.8044518e-05,163177.49,2946046.3,1101.694
577,0,7.95130090163934e-05,0,0.0013932105,160509.67,2621766.5,980.06454
578,0,0,0,6.1802357e-05,150048.75,2374289.8,746.35409
579,0,0,0,1.9695328e-05,121504.34,2491559.1,770.17414
580,0,0,0,1.452163e-05,86649.661,2553772.3,609.66352
581,0,0,0,3.9616172e-05,106258.06,2325840.5,1515.734
582,0,0,0,1.8811625e-05,103081.76,2212975.7,786.5053
583,0,0,0,1.9394002e-05,93383.432,2219582.5,696.74988
584,0,0,0,3.2168184e-05,100752.46,2090200.9,671.77004
585,0,0,0,2.4423388e-05,103420.56,2047532.5,882.78547
586,0,0,0,3.4720465e-05,104436.98,1887870.1,1089.4139
587,0,0,0,2.3874644e-05,90927.088,1831713,748.82698
588,0,0,0,3.102493e-05,89783.617,1765645.8,759.14949
589,0,8.17708729508197e-05,0,0.0014069435,97025.773,1710589.8,778.4058
590,0,0,0,3.0692238e-05,101345.38,1670123.6,807.20362
591,0,0,0,2.2292046e-05,82075.778,1759864.9,836.11679
592,0,0,0,1.606416e-05,88894.251,1712241.5,784.9544
593,0,0,0,2.055171e-05,88597.796,1674803.4,942.39729
594,0,0,0,2.4253149e-05,77586.598,1607359.8,757.44584
595,0,0,0,2.667058e-05,67125.959,1598275.5,781.34909
596,0,0,0,1.5180823e-05,60476.889,1636814.7,627.44239
597,0,0,0,1.5961039e-05,68777.639,1501652.3,723.8423
598,0,0,0,1.5946635e-05,56241.813,1536062.3,669.27584
599,0,0,0,2.5317747e-05,68184.728,1444394,644.68685
600,0,0,0,1.4006921e-05,56877.075,1486511.9,679.20321
601,0,0,0,2.7504844e-05,61323.905,1426776.1,693.27346
602,0,0,0,1.7100802e-05,57469.985,1446871.6,693.66926
603,0,0,0,2.0809039e-05,55987.709,1363461.7,981.67272
604,0,0,0,1.6748857e-05,47178.75,1378326.8,677.6382
605,0,0,0,2.0926365e-05,50651.512,1323821.4,650.96001
606,0,0,0,1.4986782e-05,45145.913,1349422.4,693.85379
607,0,0,0,1.9038985e-05,49126.885,1322169.7,685.36379
608,0,7.88299606557377e-05,0,0.0013617961,42774.345,1323821.4,657.99135
609,0,0,0,1.9840253e-05,61239.203,1200496,646.13757
610,0,0,0,3.0004617e-05,64034.353,1150395,714.98482
611,0,0,0,1.9245475e-05,44383.6,1236832.9,697.38108
612,0,0,0,2.4662164e-05,49126.885,1190585.9,630.44177
613,0,0,0,2.0436119e-05,45654.122,1183153.3,628.87506
614,0,0,0,2.0118353e-05,55648.902,1089833.4,782.43485
615,0,0,0,1.4740187e-05,41376.695,1140760.2,641.67539
616,0,0,0,1.2012776e-05,42308.412,1131951.3,631.55134
617,0,8.12696975409836e-05,0,0.001401076,59079.42,1016058.4,933.49113
618,0,0,0,1.5569768e-05,36167.552,1149018.6,746.44485
619,0,8.38853114754098e-05,0,0.0014424182,46882.381,1074142.5,665.12066
620,0,0,0,2.5087966e-05,45908.227,1037255,669.82403
621,0,0,0,1.7523428e-05,46204.682,979170.88,663.36903
622,0,0,0,1.7540792e-05,39640.314,961002.4,683.19255
623,0,0,0,1.442874e-05,33457.103,983850.64,592.66552
624,0,0,0,2.5445414e-05,32017.177,984951.76,663.61807
625,0,8.35331721311475e-05,0,0.0014384732,31932.534,980822.56,590.72883
626,0,0,0,1.4229095e-05,31593.669,976142.8,578.84605
627,0,0,0,1.3007012e-05,25918.667,1012204.5,513.99206
628,0,0,0,1.2448265e-05,33838.26,955772.08,566.14759
629,0,9.24164590163934e-07,0,2.9292017e-05,29603.184,979721.44,633.61036
630,0,0,0,2.5700223e-05,35151.133,926041.84,634.99834
631,0,0,0,2.4307192e-05,33499.453,913929.52,912.81863
632,0,7.65864401639344e-05,0,0.0013228736,28756.217,940081.12,700.99949
633,0,0,0,2.4977375e-05,33584.155,875940.89,611.74198
634,0,0,0,1.5583966e-05,33922.961,867957.77,551.61923
635,0,0,0,1.0288395e-05,21344.784,933749.68,468.35412
636,0,0,0,1.55252e-05,41588.449,797210.81,698.08701
637,0,0,0,1.2651243e-05,28798.519,876491.45,489.46768
638,0,0,0,1.6182977e-05,25198.704,897963.28,573.96888
639,0,0,0,1.1197342e-05,33414.752,837676.97,615.10852
640,0,0,0,1.9157061e-05,35998.148,817030.97,601.19577
641,0,0,0,1.1751211e-05,30704.303,850615.13,531.49021
642,0,0,0,1.4055263e-05,31424.266,839053.37,632.53573
643,0,0,0,1.5653679e-05,31508.968,819783.77,556.74277
644,0,0,0,3.3613746e-05,21895.344,844834.25,1141.7005
645,0,0,0,1.0474255e-05,20709.523,831620.81,410.15341
646,0,0,0,1.2972361e-05,31000.758,763351.38,720.95392
647,0,0,0,1.4725664e-05,23208.218,788952.41,554.10415
648,0,0,0,1.6200842e-05,26045.719,807396.17,715.78926
649,0,0,0,1.6094255e-05,26342.175,773261.45,605.44199
650,0,0,0,1.0668706e-05,18803.739,816205.13,446.67462
651,0,7.24632295081967e-05,0,0.0012495662,24351.728,779868.17,607.75829
652,0,0,0,1.2436217e-05,20497.769,802991.69,595.85587
653,0,0,0,1.4920389e-05,20031.911,802716.41,537.13788
654,0,0,0,1.1899854e-05,19354.299,806295.05,507.85316
655,0,0,0,1.3590316e-05,24986.95,746834.58,514.437
656,0,0,0,1.6986137e-05,23377.621,723160.5,702.79541
657,0,1.02864819672131e-06,0,3.9138203e-05,26596.28,695632.5,857.38648
658,0,0,0,1.8957985e-05,33287.7,648834.9,723.47287
659,0,0,0,1.2961596e-05,20836.575,725638.02,466.53644
660,0,0,0,2.026639e-05,22996.464,706918.98,557.81963
661,0,0,0,1.9261651e-05,19015.493,730042.5,484.62974
662,0,0,0,1.7172943e-05,24944.599,689851.62,532.09907
663,0,0,0,1.2323023e-05,25071.652,675812.34,577.98691
664,0,0,0,9.91336e-06,19439,702514.5,644.09843
665,0,7.17395967213115e-05,0,0.0012349907,20497.802,694531.38,518.38534
666,0,7.7635981147541e-05,0,0.0013353272,18676.718,704441.46,570.06003
667,0,0,0,2.1312365e-05,21090.68,688475.22,528.32266
668,0,0,0,1.9765227e-05,23038.815,670857.3,612.7728
669,0,0,0,3.3994609e-05,16940.305,709671.78,1065.7715
670,0,0,0,1.6196951e-05,21810.643,673885.38,537.55578
671,0,0,0,1.2748598e-05,18846.089,688750.5,535.97942
672,0,0,0,1.9026422e-05,18549.634,672784.26,646.23132
673,0,8.25953770491803e-05,0,0.0014221408,20370.754,660396.66,578.07254
674,0,0,0,1.3205356e-05,21260.083,649385.46,547.6014
675,0,0,0,2.3795354e-05,20582.471,643604.59,573.20299
676,0,0,0,1.6422297e-05,31297.214,573132.91,750.63784
677,0,0,0,1.3152074e-05,18761.388,638649.55,561.68461
678,0,0,0,2.0528392e-05,17702.619,629014.75,490.71126
679,0,0,0,1.8967492e-05,14780.416,644155.15,709.58487
680,0,0,0,2.8317197e-05,17914.373,621031.63,863.53458
681,0,0,0,1.1650475e-05,21302.434,591026.11,537.03337
682,0,0,0,1.2950325e-05,14695.715,629565.31,412.96757
683,0,0,0,1.259384e-05,14865.118,625160.83,489.6172
684,0,0,0,1.0879086e-05,14187.506,629565.31,498.81188
685,0,0,0,1.5414412e-05,14611.013,621031.63,369.27897
686,0,0,0,1.0530986e-05,18210.828,592127.23,576.31301
687,0,0,0,1.2943425e-05,19777.806,581666.59,589.99467
688,0,7.9244106557377e-05,0,0.0013666674,20455.454,574234.03,539.45544
689,0,0,0,1.2466411e-05,19396.649,576986.83,513.7672
690,0,0,0,1.2589953e-05,14356.909,600660.91,611.29805
691,0,0,0,1.1854424e-05,13763.998,603138.43,533.91266
692,0,0,0,1.7658545e-05,23038.815,539548.75,634.88734
693,0,0,0,1.7398487e-05,17575.567,572031.79,510.75529
694,0,7.87425631147541e-05,0,0.0013526273,13636.969,592953.07,410.98945
695,0,0,0,1.5607078e-05,19396.649,554138.59,641.30977
696,0,0,0,7.9359108e-06,21598.889,531015.07,543.08603
697,0,0,0,9.2622937e-06,13340.49,584144.11,311.17806
698,0,0,0,9.0421447e-06,14018.103,576160.99,472.04911
699,0,0,0,1.5717924e-05,15161.573,568453.15,718.09098
700,0,0,0,1.9079829e-05,19481.351,532942.03,554.00093
701,0,0,0,1.2110221e-05,14229.856,564048.67,499.45192
702,0,0,0,9.9578675e-06,15330.976,555790.27,463.8003
703,0,0,0,1.6868661e-05,12959.333,564048.67,486.01741
704,0,0,0,2.9104489e-05,20116.612,500183.72,1279.9483
705,0,0,0,1.5516499e-05,13679.296,540649.87,479.75967
706,0,0,0,1.1397806e-05,14060.453,537621.79,561.60711
707,0,0,0,1.2006492e-05,15246.275,527436.44,543.39013
708,0,0,0,1.4159306e-05,14949.819,529088.12,449.4372
709,0,0,0,1.1640229e-05,17406.164,505964.6,667.58676
710,0,0,0,1.3879367e-05,13679.296,511745.48,421.99419
711,0,0,0,1.224358e-05,14314.558,506790.44,470.05451
712,0,0,0,1.6093676e-05,13044.035,442925.48,616.53603
713,0,0,0,2.3600527e-05,22064.747,501560.12,614.84355
714,0,1.27355581967213e-05,0,0.00022904241,25241.062,416223.32,753.20504
715,0,0,0,1.3504939e-05,18380.231,451459.16,621.8739
716,0,9.26296229508197e-06,0,0.00016951303,16982.659,458891.72,750.19597
717,0,0,0,1.2865726e-05,19269.597,434667.08,653.07514
718,0,0,0,1.6759148e-05,13891.05,467425.4,471.34649
719,0,0,0,9.5475867e-06,13933.401,466049,480.47626
720,0,0,0,1.2368287e-05,13382.841,468251.24,506.79958
721,0,0,0,1.9308851e-05,16220.342,445127.72,510.52599
722,0,0,0,9.4343643e-06,16262.693,444301.88,485.47327
723,0,0,0,1.6646932e-05,13721.647,456138.92,493.33788
724,0,0,0,1.2022698e-05,13848.699,452835.56,544.11864
725,0,0,0,9.2112107e-06,14356.909,430262.6,523.59972
726,0,0,0,3.3437339e-05,21175.381,371077.41,1241.5802
727,0,7.51599336065574e-05,0,0.001293339,17744.999,388144.77,700.7978
728,8.1396122e-05,4.56271147540984e-05,6.1383895e-07,0.0049423323,3808346.2,35852739,1371.3891
729,7.5300153e-05,0.000119246295081967,9.4347396e-07,0.01559344,2306072.3,26322271,1709.8739
730,9.1842719e-05,0.00025135087704918,1.3898301e-06,0.025404656,1484653.3,20527628,1617.3798
731,9.7915623e-06,5.62494e-06,2.7242202e-08,0.00068318489,1279384.1,13446601,1583.1457
732,3.0582188e-05,6.43789762295082e-05,2.1488279e-07,0.011548633,943958.16,10430358,1296.7519
733,1.0627905e-05,2.43766229508197e-05,7.8356242e-08,0.002505534,901425.14,10566622,997.56578
734,0,0,0,2.7908529e-05,708612.96,9662602.5,1287.8825
735,3.3066944e-06,4.82955434426229e-06,1.2484917e-08,0.00053450546,570468.8,7291891.3,1072.9178
736,8.2492617e-06,5.25523778688525e-05,7.7922629e-08,0.013060997,475255.89,6462472.7,923.88791
737,7.9152869e-08,0,0,0.0001109141,525064.81,5898148.8,1150.0786
738,2.0517752e-06,3.1997887704918e-06,5.9617575e-09,0.00038948359,498216.63,5937789.1,984.74583
739,0,0,0,3.8905577e-05,422321.81,5738211.1,1143.8144
740,6.9948178e-06,2.48181032786885e-05,4.1298434e-08,0.0033313138,466508.75,5236100.4,899.26931
741,1.4579522e-05,0.000204211639344262,2.2192508e-07,0.044484737,367128.46,5254819.5,1445.8749
742,7.9784584e-08,0,0,6.8384817e-05,313565.06,4341991.1,1345.5857
743,9.5865756e-07,6.22073901639344e-07,3.1492876e-09,0.00024507878,359642.96,4025694.4,929.31192
744,0,0,0,2.2987897e-05,298149.37,4331805.7,1266.6609
745,6.9965499e-06,9.64860409836066e-05,8.0663104e-08,0.029815536,298578.5,3953020.5,1007.2659
746,0,0,0,4.362834e-05,273712.98,3715729.1,1151.3752
747,0,0,0,1.8001393e-05,251182.37,3690403.4,1453.026
748,0,0,0,2.9269307e-05,228482.37,3835200.6,1259.5324
749,1.7363096e-06,1.35705770491803e-05,1.1539961e-08,0.0018792074,272744.47,3381814.5,860.89903
750,3.2251741e-07,0,0,0.00013184814,232124.58,3593780.1,958.10301
751,0,0,0,1.5635947e-05,173934.58,3754818.9,845.41711
752,0,0,0,4.5849367e-05,224670.8,2982108,1340.8869
753,0,0,0,3.0233404e-05,149879.35,3010737.1,755.22804
754,0,0,0,4.2655336e-05,189816.12,2743990.8,805.15163
755,0,0,0,2.7320051e-05,161610.51,2727198.7,976.08621
756,0,0,0,3.0085678e-05,154241.48,2630024.9,1048.1244
757,0,0,0,2.8321927e-05,144331.4,2606075.5,836.55268
758,0,0,0,3.5222235e-05,133362.55,2549367.9,726.61116
759,0,0,0,1.61807e-05,113457.69,2678474.2,822.3548
760,0,0,0,2.4516809e-05,133997.81,2248762.1,997.93367
761,0,0,0,2.6942306e-05,114982.32,2333273.1,791.86109
762,0,0,0,2.7304489e-05,116168.14,2307121.5,853.20781
763,0,0,0,2.3508637e-05,122224.3,2239402.6,1265.5674
764,0,0,0,2.8695068e-05,124172.44,2143605.2,891.88757
765,0,0,0,3.0141094e-05,113076.54,2175812.9,849.30867
766,0,0,0,2.5977521e-05,116634,2071206.5,907.04981
767,0,0,0,1.0497909e-05,81609.92,2041751.6,656.55965
768,0,0,0,2.1423681e-05,83303.951,1927510.4,852.69428
769,0,0,0,3.7753383e-05,100837.17,1674528.1,748.87551
770,0,0,0,2.4512295e-05,71699.842,1821527.6,740.54867
771,0,0,0,2.2621054e-05,83642.757,1730960.5,759.03645
772,0,0,0,1.8120586e-05,73817.38,1789870.4,771.98704
773,0,0,0,2.2768828e-05,69370.55,1789044.6,926.27934
774,0,0,0,2.3934387e-05,76273.724,1728483,772.94401
775,0,0,0,1.9758565e-05,67168.31,1787117.6,691.21968
776,0,0,0,2.2085341e-05,73351.521,1722426.8,788.06907
777,0,0,0,3.2065686e-05,81313.465,1645899,761.95759
778,0,0,0,1.9719106e-05,78857.121,1634612.5,853.23129
779,0,0,0,1.4823037e-05,64923.72,1647000.1,648.39576
780,0,0,0,2.0384226e-05,73055.066,1591668.8,766.41304
781,0,0,0,3.0386079e-05,74452.641,1575702.6,709.97365
782,0,0,0,1.2437029e-05,51583.229,1718848.2,624.72284
783,0,0,0,1.0437437e-05,52726.7,1702881.9,600.2753
784,0,0,0,2.3007861e-05,57258.231,1632960.8,1276.969
785,0,0,0,2.3540611e-05,61112.151,1602680,743.12044
786,0,0,0,1.6256015e-05,75934.918,1505506.2,871.46003
787,0,0,0,1.9568461e-05,60985.099,1544871.2,785.98214
788,0,0,0,2.4606416e-05,64203.757,1509360.1,901.53949
789,0,0,0,1.8311245e-05,60392.188,1529180.3,785.88415
790,0,0,0,1.727118e-05,49084.534,1553680.2,746.76073
791,0,0,0,2.3869845e-05,57088.828,1433107.6,786.66686
792,0,0,0,2.1994644e-05,58317.001,1415489.6,673.27809
793,0,0,0,1.9648881e-05,45357.667,1373096.5,581.65642
794,0,0,0,1.9551824e-05,47644.608,1307029.3,1197.7801
795,0,0,0,2.3838289e-05,54971.29,1191136.5,1298.5394
796,0,0,0,2.7330097e-05,46162.332,1222243.1,729.84679
797,0,0,0,1.8770626e-05,41461.397,1229400.4,741.06775
798,0,0,0,1.7960554e-05,46331.735,1174894.9,739.23616
799,0,0,0,1.8387093e-05,45527.07,1163608.5,695.6374
800,0,0,0,1.5928274e-05,38581.545,1164984.9,715.4301
801,0,0,0,2.0783076e-05,56199.462,1044962.8,846.8786
802,0,0,0,2.9046521e-05,45103.562,1115985,698.30985
803,0,0,0,1.2309337e-05,33118.297,1190310.6,647.00706
804,0,0,0,1.2261051e-05,39259.157,1114608.6,727.3083
805,0,0,0,1.6030684e-05,46797.593,1057350.4,744.50085
806,0,0,0,2.1360022e-05,40699.083,1093412.1,1081.1184
807,0,0,0,2.0092439e-05,42816.621,1073316.6,1179.5401
808,0,0,0,2.0946462e-05,35235.835,1120114.2,643.77282
809,0,0,0,1.3567209e-05,27655.048,1137732.1,638.47305
810,0,0,0,1.7455511e-05,43621.286,1021288.7,684.115
811,0,0,0,1.4851478e-05,29899.639,1088732.3,531.91243
812,0,0,0,1.6494045e-05,33626.506,1060653.7,975.56621
813,0,0,0,1.7759743e-05,29603.183,1065333.5,695.63561
814,0,0,0,3.1801178e-05,37311.022,984676.48,1124.4159
815,0,0,0,1.1078226e-05,32567.737,994861.84,537.62345
816,0,0,0,1.4910841e-05,37946.284,947788.96,718.88345
817,0,0,0,1.5812873e-05,28375.011,1005322.5,655.6141
818,0,0,0,1.2756209e-05,29899.639,992384.32,622.96063
819,0,0,0,1.2848026e-05,38454.493,927693.52,684.92928
820,0,0,0,1.1083878e-05,22615.307,1030648.2,534.69294
821,0,0,0,1.8561433e-05,40487.329,911727.28,1260.1438
822,0,0,0,1.4693052e-05,31805.423,964030.48,729.12794
823,0,0,0,1.3977864e-05,32779.49,949715.92,527.07635
824,0,0,0,1.6344295e-05,29391.429,931547.44,586.50754
825,0,0,0,1.9135125e-05,34600.573,965406.88,721.0198
826,0,0,0,1.8200171e-05,30831.355,940631.68,635.34548
827,0,0,0,1.5213561e-05,30196.094,942008.08,556.61504
828,0,0,0,1.1158743e-05,24859.898,972288.88,499.55014
829,0,0,0,1.5756659e-05,26808.033,958524.88,556.69067
830,0,0,0,1.6183034e-05,26977.436,928244.08,1059.6143
831,0,0,0,1.8740216e-05,39174.456,848412.89,659.18509
832,0,0,0,1.6516435e-05,23589.375,943109.2,679.99312
833,0,0,0,1.3782486e-05,25749.264,926317.12,554.36667
834,0,0,0,1.8301292e-05,28332.66,900991.36,925.57288
835,0,0,0,1.8889841e-05,33626.506,848963.45,696.46661
836,0,0,0,1.161123e-05,24055.233,902092.48,616.16864
837,0,0,0,1.5528255e-05,28629.116,865204.97,636.49741
838,0,0,0,1.8483173e-05,28798.519,861351.05,535.88851
839,0,0,0,2.1939008e-05,41588.449,749312.1,803.1968
840,0,0,0,1.8680851e-05,25664.562,837401.69,677.51069
841,0,0,0,1.1323897e-05,21090.68,859699.37,584.81017
842,0,0,0,1.078556e-05,36125.201,761974.98,722.52315
843,0,0,0,1.3240632e-05,19693.105,842907.29,528.96769
844,0,0,0,2.0071439e-05,27909.153,776564.81,732.3425
845,0,0,0,1.001134e-05,35489.939,723986.34,765.17548
846,0,0,0,2.0802573e-05,30238.445,752340.18,694.17863
847,0,0,0,2.2658889e-05,24605.793,788401.85,575.06876
848,0,0,0,1.7388724e-05,22572.957,792806.33,526.6459
849,0,0,0,1.1953236e-05,21217.732,796660.25,602.22975
850,0,0,0,1.5379229e-05,20455.418,798311.93,560.63089
851,0,0,0,2.084901e-05,20286.015,797210.81,537.98838
852,0,0,0,1.3089405e-05,19820.157,795559.13,482.91197
853,0,0,0,2.2999098e-05,22530.606,768856.97,547.21006
854,0,0,0,1.738831e-05,18422.582,781519.85,705.91447
855,0,0,0,1.6402245e-05,18126.127,771609.77,556.85828
856,0,0,0,1.7323844e-05,19523.702,761424.42,679.97304
857,0,0,0,1.8638921e-05,26299.824,716278.5,1075.2778
858,0,0,0,1.520323e-05,24351.689,706093.14,596.59184
859,0,0,0,1.9109073e-05,26045.719,682969.62,634.23862
860,0,0,0,2.0441377e-05,20794.225,716553.78,665.93854
861,0,0,0,1.6378342e-05,21005.978,705542.58,1037.7613
862,0,0,0,1.5065421e-05,25156.353,678289.86,652.88977
863,0,0,0,1.3436481e-05,19523.702,707194.26,589.09888
864,0,0,0,9.9657434e-06,15415.678,730868.34,464.69481
865,0,0,0,2.3185041e-05,23970.532,672784.26,825.95183
866,0,0,0,9.6732033e-06,20455.418,687649.38,568.94924
867,0,0,0,1.3784588e-05,16347.394,695907.78,920.75924
868,0,0,0,1.1995675e-05,15076.872,702514.5,455.3582
869,0,0,0,1.3979478e-05,21175.381,662598.9,556.69876
870,0,0,0,1.2133389e-05,20243.665,664525.86,695.19054
871,0,0,0,1.28982e-05,18380.231,665076.42,572.30855
872,0,0,0,7.9278661e-06,13467.543,691778.58,458.11737
873,0,0,0,1.5973882e-05,21471.837,639200.11,1087.8868
874,0,0,0,7.8476094e-06,17575.567,662874.18,465.70607
875,0,0,0,1.2754569e-05,20667.172,638374.27,528.03893
876,0,0,0,1.3754058e-05,22869.412,623784.43,606.81363
877,0,0,0,1.2291865e-05,22869.412,615250.75,580.89455
878,0,0,0,1.8951339e-05,26850.384,588823.87,708.92309
879,0,0,0,1.166984e-05,13933.401,664801.14,431.57504
880,0,0,0,1.2258778e-05,15161.573,651312.42,517.12511
881,0,0,0,1.1041505e-05,19481.351,620481.07,621.41223
882,0,0,0,2.115356e-05,19015.493,622408.03,600.52302
883,0,0,0,1.4567826e-05,14526.312,645256.27,440.63564
884,0,0,0,1.5388864e-05,16686.201,614700.19,509.62679
885,0,0,0,1.3194756e-05,13891.05,630941.71,504.47865
886,0,0,0,1.1556492e-05,19311.948,594880.03,578.05257
887,0,0,0,2.097785e-05,21471.837,571205.95,1056.4289
888,0,0,0,1.1673242e-05,22149.449,562121.71,683.55235
889,0,0,0,1.1201405e-05,14907.469,606992.35,844.14839
890,0,0,0,1.3807451e-05,13086.386,612497.95,474.14497
891,0,0,0,1.3229741e-05,21344.784,553312.75,720.75365
892,0,0,0,8.1325918e-06,14653.364,589374.43,358.1968
893,0,0,0,1.9179455e-05,29560.833,479813,850.24631
894,0,0,0,8.5920439e-06,14102.804,575610.43,506.91132
895,0,0,0,1.3074201e-05,13848.699,555514.99,619.16317
896,0,0,0,1.2072054e-05,12916.983,559093.63,520.95339
897,0,0,0,1.6152156e-05,17575.567,526060.04,612.00089
898,0,0,0,1.1342696e-05,14780.416,532666.75,564.64511
899,0,0,0,1.7863393e-05,14145.155,533492.59,494.14956
900,0,0,0,1.4382913e-05,24817.547,458891.72,666.69022
901,0,0,0,2.0373818e-05,15119.222,515599.4,564.37709
902,0,0,0,1.1626203e-05,14102.804,510093.8,590.50889
903,0,0,0,1.2367127e-05,14187.506,505689.32,602.59059
904,0,0,0,1.1560647e-05,20624.822,461919.8,735.45443
905,0,0,0,9.9029536e-06,15076.872,494402.84,578.1771
906,0,0,0,9.0439704e-06,14187.506,463571.48,575.18554
907,0.00014532465,7.70211262295082e-05,1.3711839e-06,0.010547086,5363591.1,47773739,1395.4739
908,0.00011635115,0.000170913172131148,1.7325589e-06,0.020185719,2983479.3,34131964,1967.1953
909,0.00011709509,0.000691756368852459,2.2046088e-06,0.084446668,1903527.7,27989917,1455.4257
910,2.8469101e-05,2.09589237704918e-05,1.4564316e-07,0.0044527421,1872469.2,17519368,1712.5676
911,3.9881403e-07,0,0,7.3321119e-05,1068340.4,14418890,1105.4622
912,1.8274716e-05,5.25126909836066e-05,1.8359603e-07,0.0098110651,1139417.5,13774459,1026.8504
913,8.0071103e-07,0,0,6.8705705e-05,995835.91,12588553,959.20991
914,0,0,0,4.7153326e-05,1065926.4,11939168,1311.1943
915,7.4326506e-06,2.39236180327869e-05,5.8095075e-08,0.0041480677,745017.89,9336946.2,1290.0164
916,3.3919929e-06,2.07672803278689e-06,5.9843632e-09,0.00045755388,775783.69,7057628,1039.682
917,0,0,0,5.8126008e-05,650719.47,7519823.1,1047.9302
918,4.5802726e-06,1.07708336065574e-05,2.5348491e-08,0.0021557494,692996.89,7190037.7,1249.5132
919,1.4008681e-05,0.000231454106557377,3.2113356e-07,0.049116713,466899.93,7711418,1278.8747
920,8.1257708e-06,0.000118373524590164,1.4892004e-07,0.027281648,443415.37,7359059.6,794.50983
921,0,0,0,3.4392908e-05,541073.35,6700589.9,1307.8097
922,7.2616642e-06,7.70231991803279e-05,1.0409359e-07,0.015940475,446812.61,5890716.2,916.97532
923,0,0,0,4.1876563e-05,446927.6,5569464.5,1130.1687
924,1.7435072e-06,1.2225993442623e-06,9.3692076e-10,0.00022296008,407076.39,5161499.6,1361.3701
925,0,2.13639155737705e-05,0,0.0032700411,304808.41,5310150.7,1188.9522
926,2.3353621e-06,2.14725844262295e-05,2.185995e-08,0.0052615356,357834.45,4348322.5,898.00646
927,2.8098697e-07,8.10228606557377e-07,3.6651139e-09,0.00045288083,342745.1,4356856.2,877.5626
928,0,0,0,2.875378e-05,250843.57,4850983.7,846.08074
929,0,0,0,2.2473903e-05,262871.19,4414940.3,1444.567
930,5.7293334e-06,0.000138784737704918,1.1744201e-07,0.044532618,278612.17,4183429.8,737.69365
931,0,0.000857624426229508,0,0.13054543,231793.63,4024318,839.51577
932,0,0,0,2.3002973e-05,235131.44,3934576.7,986.64535
933,0,0,0,5.9027319e-05,291754.41,3523033.1,1213.1367
934,0,0,0,4.0555186e-05,189858.47,3411544.7,773.21574
935,0,0,0,3.5030122e-05,186470.41,3266196.9,765.51585
936,0,0,0,2.0723645e-05,166734.95,3353460.7,956.32091
937,0,0,0,1.5913145e-05,148566.48,3322629.3,723.29353
938,9.9416607e-08,1.30791934426229e-06,0,7.2324125e-05,207857.55,2865939.8,848.81718
939,0,0,0,2.7560979e-05,169530.1,2894569,811.96038
940,0,0.00352122344262295,0,0.044222049,177909.96,2808406.3,924.45443
941,0,0,0,1.7684992e-05,135607.14,3042394.3,731.39579
942,0,0,0,3.1390489e-05,157629.54,2890439.8,850.71837
943,0,0,0,2.4422596e-05,135437.74,2769041.3,825.69288
944,0,0,0,2.403904e-05,123071.32,2543587,803.88847
945,0,0,0,2.3046699e-05,107994.45,2479171.5,785.42742
946,0,0,0,2.2979174e-05,126544.08,2236925.1,1328.1544
947,0,0,0,2.0618523e-05,135945.95,2158470.3,1012.5325
948,0,0,0,2.4664785e-05,114812.92,2247110.4,772.78256
949,0,0,0,3.3904101e-05,121377.29,2175262.4,731.23087
950,0,0,0,1.7054616e-05,114601.16,2190953.3,1007.1355
951,0,0,0,1.5121467e-05,90376.528,2302992.3,883.41349
952,0,0,0,4.2158006e-05,136496.51,1986420.3,970.56681
953,0,0,0,2.5645702e-05,99270.188,2156818.6,767.22205
954,0,0,0,1.2984365e-05,88343.691,2211048.8,759.26185
955,0,0,0,3.1459798e-05,108248.55,1970178.8,1240.2764
956,0,0,0,2.5517707e-05,89275.408,2026611.2,1276.6838
957,0,0,0,2.6894504e-05,86692.012,1966324.9,715.97346
958,0,0,0,2.100772e-05,96771.493,1881813.9,917.46677
959,0,0,0,2.1352259e-05,79026.524,1887044.2,622.63193
960,0,0,0,3.1377962e-05,88978.953,1813819.8,673.18412
961,0,0,0,2.1623086e-05,76189.022,1867224.1,665.88902
962,0,0,0,2.0331235e-05,73986.783,1859241,785.78452
963,0,0,0,3.348255e-05,84489.772,1725454.9,701.27736
964,0,0,0,1.2814964e-05,64330.809,1794550.2,684.06623
965,0,0,0,1.9695012e-05,89487.162,1593595.8,1296.6745
966,0,0,0,1.6261017e-05,57766.441,1745275.1,657.96277
967,0,0,0,2.0547069e-05,58232.299,1697101.1,717.97349
968,0,0,0,2.6763196e-05,69709.356,1622224.9,732.3716
969,0,0,0,1.6015843e-05,64881.369,1613140.7,647.65667
970,0,0,0,1.332225e-05,53234.909,1657185.5,613.38646
971,0,0,0,1.8714958e-05,85040.332,1392090.8,1044.1321
972,0,0,0,2.7848244e-05,55352.447,1558359.9,615.46712
973,0,0,0,1.9494102e-05,59841.628,1503028.7,747.99758
974,0,0,0,1.8651531e-05,61323.905,1467517.6,679.67136
975,0,0.0102205418032787,0,0.12828863,42787.139,1542118.4,519.64209
976,0,0,0,1.6257423e-05,45018.861,1510461.2,536.83628
977,0,0,0,1.8823491e-05,53319.61,1418242.4,716.88551
978,0,0,0,1.5147309e-05,44637.704,1450450.2,573.90721
979,0,0,0,9.4850685e-06,51244.423,1356855,679.83871
980,0,0,0,1.4513262e-05,66533.049,1257203.7,774.0992
981,0,0,0,9.9619431e-06,36845.164,1404753.7,508.15106
982,0,0,0,1.6411621e-05,42435.464,1335383.2,665.87628
983,0,0,0,3.3274275e-05,45908.227,1294641.7,1119.7576
984,0,0,0,2.0004882e-05,50143.303,1260782.3,858.06863
985,0,0,0,1.7281907e-05,44595.353,1296293.4,614.82496
986,0,0,0,2.0856255e-05,47348.153,1278124.9,700.47439
987,0,0.00984036475409836,0,0.12351375,43293.923,1300422.6,497.12118
988,0,0,0,1.3057321e-05,48788.079,1258029.5,638.16796
989,0,0,0,1.3600677e-05,43494.233,1292164.2,938.79736
990,0,0,0,1.7088486e-05,38835.65,1297119.2,999.46203
991,0,0,0,1.4729213e-05,34558.223,1316113.6,683.34278
992,0,0,0,3.1349741e-05,45611.772,1241237.4,630.47199
993,0,0,0,1.4129445e-05,57215.881,1161956.8,969.33086
994,0,0.0101544991803279,0,0.12746269,39818.422,1245091.3,555.72798
995,0,0,0,2.0078498e-05,46543.488,1198293.7,793.16483
996,0,0,0,1.557679e-05,32694.789,1273995.7,886.73793
997,0,0,0,9.6921107e-06,29010.273,1261608.1,534.18914
998,0,0,0,1.0296919e-05,41884.905,1167737.7,790.69748
999,0,0,0,2.1816583e-05,39047.403,1152322,825.2177
1000,0,0,0,1.6119003e-05,50312.706,1076620,1096.3604
1001,0,0,0,2.1268125e-05,35151.133,1171316.3,561.84992
1002,0,0,0,1.5743012e-05,32567.737,1130850.1,566.17588
1003,0,0,0,1.3998866e-05,34812.327,1104973.8,863.90803
1004,0,0,0,1.618192e-05,37311.022,1077170.5,800.20452
1005,0,0.00378221983606557,0,0.047482418,32117.217,1099468.2,635.53251
1006,0,0,0,2.1813434e-05,42986.024,1018535.9,760.57774
1007,0,0,0,1.5037139e-05,40063.822,1022940.4,739.51797
1008,0,0,0,1.6546564e-05,38327.44,1013856.2,680.23291
1009,0,0,0,1.6029798e-05,35151.133,1024316.8,576.45655
1010,0,0,0,1.9580174e-05,31763.072,1038906.6,708.25151
1011,0,0,0,1.9621877e-05,34219.416,1013856.2,692.47868
1012,0,0,0,1.7324297e-05,36887.514,980272,1122.8954
1013,0,0,0,1.7079302e-05,32567.737,1003946.1,869.55663
1014,0,0,0,9.5152395e-06,31000.758,1007800,554.11859
1015,0,0.0064629706557377,0,0.081131453,28864.425,1007249.4,607.24324
1016,0,0,0,1.4797645e-05,31085.46,979996.72,519.94889
1017,0,0,0,1.9406337e-05,29984.34,976418.08,608.10005
1018,0,0,0,1.6347576e-05,34642.924,932373.28,654.53752
1019,0,0,0,1.3518321e-05,35532.29,898238.56,705.36788
1020,0,0.0103741245901639,0,0.13021571,27182.446,929895.76,471.47848
1021,0,0,0,1.4356857e-05,24478.741,946412.56,529.64069
1022,0,0,0,2.2735636e-05,34092.364,877317.29,1066.2385
1023,0,0,0,1.3117076e-05,29941.989,901541.92,599.66215
1024,0,0,0,1.7250577e-05,24266.987,929895.76,756.03899
1025,0,0,0,2.4988851e-05,27570.347,893008.24,778.18416
1026,0,0,0,1.5182937e-05,24521.092,899064.4,564.58353
1027,0,0,0,2.0757677e-05,25664.562,888053.2,693.27215
1028,0,0,0,1.6795568e-05,21048.329,909249.76,500.58636
1029,0,0,0,2.2468677e-05,29560.833,847311.77,1150.4406
1030,0,0,0,1.8372844e-05,24182.286,880620.65,600.3017
1031,0,0,0,1.7367375e-05,36548.708,788401.85,1103.4464
1032,0,0,0,1.2471415e-05,22615.307,878143.13,727.05864
1033,0,0,0,1.9870611e-05,30916.057,806845.61,1057.8591
1034,0,0,0,1.2177531e-05,27273.891,825839.93,602.85512
1035,0,0,0,8.8354431e-06,19566.052,872362.25,355.85066
1036,0,0,0,1.1527303e-05,23335.27,843733.13,522.0503
1037,0,0,0,1.2151091e-05,23801.129,832446.65,648.42694
1038,0,0,0,1.0856564e-05,19566.052,852542.09,497.09286
1039,0,0,0,1.1281235e-05,19142.545,850064.57,579.46298
1040,0,0,0,1.1575225e-05,18168.477,824738.81,509.1005
1041,0,0,0,9.585058e-06,23758.778,783997.37,663.1346
1042,0,0,0,1.8908317e-05,27866.802,756744.66,644.12744
1043,0,0,0,1.4862207e-05,25664.562,768306.41,575.60172
1044,0,0,0,2.2536948e-05,21641.24,785098.49,483.08759
1045,0,0,0,1.823577e-05,25664.562,754542.42,673.78614
1046,0,0,0,1.4827484e-05,18253.179,799688.33,944.73857
1047,0,0,0,1.2671604e-05,17448.514,790604.09,482.49095
1048,0,0,0,1.6082468e-05,25706.913,736373.94,549.42009
1049,0,0,0,1.5309169e-05,20074.262,772986.17,494.50299
1050,0,0,0,1.7510508e-05,30280.795,702789.78,1184.2053
1051,0,0,0,1.4258951e-05,22276.501,748210.98,506.91716
1052,0,0,0,1.3308481e-05,15966.238,783722.09,654.49696
1053,0,0,0,8.3649392e-06,16093.29,741328.98,455.63579
1054,0,0,0,1.1493355e-05,21048.329,773536.73,628.35586
1055,0,0,0,1.1519611e-05,18253.179,747660.42,457.48188
1056,0,0,0,2.9244488e-05,34007.663,637273.15,871.69519
1057,0,0,0,1.5735098e-05,17194.41,755643.54,452.88731
1058,0,0,0,1.7400334e-05,19354.299,729491.94,595.73521
1059,0,0,0,1.2751843e-05,15330.976,743531.22,664.2443
1060,0,0,0,1.1474672e-05,14738.065,746284.02,430.55372
1061,0,0,0,1.5321348e-05,18380.231,703890.9,664.20977
1062,0,0,0,1.0106402e-05,15373.327,716003.22,411.55603
1063,0,0,0,1.2300301e-05,17194.41,699761.7,402.03327
1064,0,0,0,9.510655e-06,19735.456,682143.78,525.5766
1065,0,0,0,1.2649872e-05,23377.621,657919.14,647.22261
1066,0,0,0,8.1191716e-06,16855.604,692329.14,431.58353
1067,0,0,0,1.6741852e-05,17956.723,684896.58,898.4673
1068,0,0,0,1.4893093e-05,16135.641,692604.42,633.5129
1069,0,0,0,1.8402117e-05,35193.484,564599.23,1018.6547
1070,0,0,0,1.2570369e-05,14526.312,694806.66,606.0822
1071,0,0,0,1.5175418e-05,13891.05,696458.34,502.55569
1072,0,0,0,9.3062465e-06,17406.164,668930.34,407.46352
1073,0,0,0,2.1114092e-05,19904.859,647183.22,665.66327
1074,0,0,0,1.1734135e-05,20455.418,641677.63,549.01029
1075,0,0,0,1.2590737e-05,17152.059,662598.9,484.55246
1076,0,0,0,8.0478398e-06,17490.865,654340.5,467.97909
1077,0,0,0,1.7783686e-05,20497.769,631492.27,575.99602
1078,0,0,0,1.2326622e-05,32059.528,550835.23,1025.2828
1079,0,0,0,1.2250162e-05,22996.464,603138.43,614.09776
1080,0,0,0,9.1513053e-06,19269.597,622132.75,459.21894
1081,0,0,0,1.7866876e-05,15288.625,647183.22,445.31297
1082,0,5.95571204918033e-05,0,0.00075678833,14568.772,641952.91,416.34752
1083,0,0,0,1.1975973e-05,14653.364,634520.35,501.82468
1084,0,0,0,1.3582019e-05,13806.349,611396.83,555.73109
1085,0,0.000108976180327869,0,0.0013788036,15924.106,625160.83,674.8112
1086,0,0,0,1.100992e-05,15076.872,611947.39,384.88799
1087,0,0,0,1.3783545e-05,12747.58,617177.71,835.09563
1088,0,0,0,8.0432997e-06,17956.723,571481.23,535.96887
1089,0,0,0,1.3978571e-05,13171.087,596531.71,484.54804
1090,0,0,0,1.2041016e-05,13340.49,591301.39,488.73562
1091,0,0,0,9.0120099e-06,16813.253,562396.99,526.00968
1092,0,0,0,2.2972093e-05,25241.055,504863.48,699.66168
1093,0,0,0,1.2731543e-05,15966.238,545880.19,560.666
1094,0.0002926029,0.000104932475409836,2.091056e-06,0.013759118,5803829,52221988,1792.4928
1095,0.00015815219,0.000201424245901639,2.438413e-06,0.021619041,3473025.8,41099301,1732.3403
1096,0.00010746784,0.000500781713114754,2.7926245e-06,0.11075878,1743473.6,28969088,1525.6855
1097,4.629914e-05,4.31657795081967e-05,3.2306201e-07,0.0078491891,2094212,19223627,2054.2877
1098,3.4058805e-05,0.000138381352459016,6.676705e-07,0.023888256,1491396.2,18167102,1363.2991
1099,2.0219896e-06,2.08735475409836e-06,1.2066532e-08,0.0001765042,1378690.2,16678113,1063.7545
1100,9.7475949e-07,2.66700967213115e-07,1.0035164e-09,0.00013862998,1229400.8,15336949,1230.5508
1101,3.1696474e-07,0,0,8.2267867e-05,1333837.4,12835755,1325.7252
1102,1.7756202e-05,6.97546852459016e-05,2.4711669e-07,0.014270602,1154281.1,12875670,1129.9955
1103,8.0357792e-06,4.02929073770492e-05,1.020936e-07,0.007858358,800224.86,10327404,1092.9484
1104,0,0,0,4.2204283e-05,842864.88,9088368.4,1298.4179
1105,1.6872139e-05,1.51179803278689e-05,4.891009e-08,0.001506111,859863.49,8255646.5,1309.3397
1106,0,0,0,8.6224054e-05,781583.33,8265006,1091.7929
1107,1.0154154e-05,2.0369637704918e-05,5.6487003e-08,0.0046772338,789613.12,7938524,1137.3446
1108,7.8701278e-08,0,0,6.8451304e-05,648263.16,8105068.4,1036.1016
1109,1.2078293e-05,0.000303579959016393,3.8046098e-07,0.056858471,441709.42,7690221.4,776.77542
1110,8.5230605e-06,0.000151659795081967,1.8808071e-07,0.034886938,425103.51,7794002,903.2442
1111,0,0,0,2.3145471e-05,432358.94,6259040.8,1158.0759
1112,7.1153594e-06,0.000117794655737705,1.4695921e-07,0.024750208,426215.77,5963665.4,756.91273
1113,0,0,0,2.7169301e-05,404957.99,6028906.8,1537.3595
1114,1.2414207e-06,4.4629318852459e-06,6.974958e-09,0.00045562448,456120.13,5497065.9,1004.6704
1115,0,0,0,2.8089719e-05,350537.26,5602773.4,929.76169
1116,0,0,0,3.039467e-05,301749.19,5496240,971.66032
1117,9.5655239e-07,5.15682245901639e-06,7.515103e-09,0.0010200961,396956.15,4745001,889.65246
1118,1.6006527e-06,3.05585286885246e-05,3.321411e-08,0.0079538084,356230.86,4626355.3,765.95646
1119,0,0,0,2.563048e-05,305899.56,4641771,1098.0696
1120,7.083933e-06,0.00250590491803279,1.4365294e-07,0.051326636,271644.63,4312811.4,548.89355
1121,0,3.82464090163934e-05,0,0.0024515038,237906.84,4423198.7,1389.2783
1122,0,0,0,7.2844464e-05,325338.56,3731970.6,861.235
1123,0,0,0,4.5005441e-05,240382.93,4123143.5,1230.4427
1124,0,0.00187769131147541,0,0.11924492,226802.25,3989082.1,1042.611
1125,0,0,0,2.4509489e-05,199514.44,3759773.9,1059.3811
1126,0,0,0,1.8271875e-05,180329.55,3678291,780.25018
1127,0,0,0,1.8198852e-05,177576.75,3644706.9,852.19519
1128,0,0,0,3.9663288e-05,203961.27,3441275,834.8227
1129,0,0,0,3.5989038e-05,197354.56,3475960.3,1028.443
1130,1.9729647e-08,8.84168852459016e-06,0,0.00013414138,237545.48,3136540.1,807.19587
1131,0,0.000864741147540984,0,0.05492929,193865.76,2954580,1070.8733
1132,0,0,0,1.5336378e-05,166862.01,3118371.6,902.90463
1133,0,0,0,2.8296024e-05,159492.97,3076253.7,873.70953
1134,0,0,0,2.9338496e-05,176348.58,2927877.8,851.67314
1135,0,0,0,2.7118874e-05,149879.35,2923748.6,870.40588
1136,0,0,0,1.7220986e-05,124892.4,2775372.7,947.13822
1137,0,0,0,2.4901922e-05,129254.53,2689760.7,774.78188
1138,0,0,0,2.5007101e-05,122139.6,2641586.7,828.97273
1139,0,0,0,1.5992367e-05,135734.2,2461828.8,840.56437
1140,0,0,0,3.5223622e-05,137131.77,2411452.6,739.79771
1141,0,0,0,2.8826532e-05,108079.15,2422463.8,1255.4684
1142,0,0,0,2.8565705e-05,112102.47,2375390.9,828.8719
1143,0,0,0,2.3485903e-05,117777.47,2333548.4,831.76385
1144,0,0,0,2.2689334e-05,86776.713,2103964.9,783.02193
1145,0,0,0,2.0332587e-05,81948.726,1986420.3,695.56311
1146,0,0,0,2.297121e-05,83219.249,1951735,672.77199
1147,0,0,0,2.3030185e-05,79111.225,1961920.4,711.16056
1148,0,0,0,3.4981498e-05,91181.193,1853735.4,672.60568
1149,0,0,0,1.2360106e-05,79577.083,1924207,722.6278
1150,0,0,0,3.8084294e-05,87242.572,1793999.6,780.07536
1151,0,0,0,1.5700231e-05,72038.648,1861167.9,862.44009
1152,0,0,0,2.0577278e-05,71953.946,1856212.9,672.09563
1153,0,0,0,1.9602808e-05,96305.635,1688567.4,928.83201
1154,0,0.00154139860655738,0,0.097864076,58405.247,1878235.3,646.5441
1155,0,0,0,2.4067123e-05,63653.197,1879611.7,861.23848
1156,0,0,0,1.993953e-05,59164.016,1851257.8,1199.0911
1157,0,0,0,1.1942344e-05,98042.016,1560011.6,1179.9672
1158,0,0,0,1.944777e-05,67295.362,1691320.2,1213.21
1159,0,0,0,1.4120149e-05,59291.068,1723803.2,651.04686
1160,0,0,0,1.2064093e-05,57724.09,1721601,715.9876
1161,0,0,0,1.8072205e-05,66363.645,1605157.5,751.6119
1162,0,0,0,1.7441446e-05,70725.774,1574876.7,761.44031
1163,0,0,0,2.6703433e-05,70429.319,1572949.8,701.45391
1164,0,0.0019028268852459,0,0.12081222,43761.41,1689943.8,637.30617
1165,0,0,0,2.1051009e-05,73309.171,1534685.9,737.50528
1166,0,0,0,2.0927219e-05,85252.086,1419343.6,880.04826
1167,0,0,0,2.8150723e-05,55521.85,1608185.6,644.94104
1168,0,0,0,1.6419939e-05,53870.17,1609562,644.72453
1169,0,0,0,1.236536e-05,48279.87,1615342.9,658.06398
1170,0,0,0,1.623748e-05,52345.543,1576528.4,700.64386
1171,0,0,0,1.7066653e-05,54632.484,1542669,608.21533
1172,0,0,0,1.6773877e-05,72928.014,1402826.8,1374.6735
1173,0,0,0,1.9378188e-05,47390.504,1538264.5,1127.9519
1174,0,0,0,1.989893e-05,67464.765,1367590.9,726.39812
1175,0,0,0,3.054828e-05,54420.73,1441090.7,748.99553
1176,0,0,0,2.3930381e-05,64457.861,1334006.8,1119.0188
1177,0,0,0,1.5023863e-05,59799.277,1344742.7,726.6965
1178,0,0,0,1.8652435e-05,44214.196,1438888.4,619.73913
1179,0,0,0,1.3792206e-05,55564.201,1346394.4,1009.0579
1180,0,0,0,1.494992e-05,49338.639,1383006.6,680.74129
1181,0,0,0,1.4857439e-05,43113.077,1420995.2,621.33969
1182,0,0.00104751385245902,0,0.066512345,40536.346,1415764.9,652.66745
1183,0,0,0,1.8791087e-05,42011.957,1422922.2,1018.1228
1184,0,0,0,9.4590963e-06,39386.209,1437512,581.63889
1185,0,0,0,1.3060461e-05,40868.486,1416040.2,1161.3014
1186,0,0,0,3.2251703e-05,48279.87,1342540.4,642.80471
1187,0,3.43115540983607e-06,0,0.00023479463,40180.308,1389338,713.74538
1188,0,0.00177639040983607,0,0.11278876,39736.097,1331254,613.24684
1189,0,0,0,1.1031055e-05,52684.349,1234355.4,734.78738
1190,0,0,0,1.1103924e-05,33330.05,1319967.5,479.29904
1191,0,0,0,1.8972096e-05,47941.064,1224720.6,1055.4606
1192,0,0,0,1.7466828e-05,43578.935,1217838.6,1056.4945
1193,0,0,0,2.3963849e-05,40868.486,1208754.4,1015.1089
1194,0,0,0,2.2637736e-05,46374.085,1136631,823.45686
1195,0,0,0,2.3773837e-05,35955.798,1193063.4,923.14646
1196,0,0,0,1.7736858e-05,36633.41,1174894.9,570.00478
1197,0,0.000817236459016393,0,0.051902065,31883.627,1144063.6,854.77824
1198,0,5.09111696721311e-05,0,0.0032570656,56866.941,989906.8,1226.4005
1199,0,0,0,1.6030872e-05,27400.944,1165810.7,938.27166
1200,0,0,0,1.4953338e-05,45992.929,1031474.1,753.61225
1201,0,0,0,2.409767e-05,31636.02,1119288.4,626.67807
1202,0,0,0,1.8103044e-05,34219.416,1093962.6,561.00419
1203,0,0,0,1.8559607e-05,31466.617,1100844.6,524.06045
1204,0,0,0,2.0965527e-05,34304.118,1076344.7,632.21387
1205,0,0,0,1.6509254e-05,33245.349,1081024.5,564.69564
1206,0,0,0,1.5661889e-05,37861.582,1033676.3,661.70722
1207,0,0,0,1.2636997e-05,46458.787,954946.24,1187.7896
1208,0,0,0,1.7363226e-05,44002.443,954946.24,1111.8759
1209,0,0,0,1.2430294e-05,34769.976,1010277.5,562.44077
1210,0,0,0,1.6932244e-05,29857.288,1041659.4,689.45655
1211,0,0,0,1.7776508e-05,29814.937,988255.12,580.07574
1212,0,0,0,1.0228023e-05,36464.007,933199.12,647.2339
1213,0,0,0,9.0063644e-06,22911.763,992659.6,483.90873
1214,0,0,0,1.1289574e-05,22954.113,979996.72,573.62201
1215,0,0,0,1.9506582e-05,25537.51,959075.44,903.31043
1216,0,0,0,2.0610812e-05,21598.889,983300.08,1065.6033
1217,0,0.00189332860655738,0,0.12020902,23373.981,948614.8,584.94799
1218,0,0,0,1.3492416e-05,33965.312,894659.92,713.09473
1219,0,0,0,1.3808445e-05,27951.504,932373.28,658.20142
1220,0,0.000206679672131148,0,0.013129295,24013.662,954120.4,460.10039
1221,0,0,0,1.0045405e-05,22191.8,956873.2,564.42588
1222,0,0,0,1.7562488e-05,26680.981,918884.56,1101.8574
1223,0,0,0,1.4787862e-05,26765.682,915305.92,547.12152
1224,0,0,0,1.0935376e-05,28967.922,880345.37,654.48466
1225,0,0,0,2.0692165e-05,39428.56,807946.73,891.23723
1226,0,0,0,1.0499953e-05,18634.336,941182.24,435.51101
1227,0,0,0,3.1053444e-05,27824.451,871811.69,986.02232
1228,0,0,0,1.3131994e-05,20201.314,914755.36,590.09221
1229,0,0,0,1.1036429e-05,20328.366,893283.52,478.68997
1230,0,0,0,1.9694606e-05,33287.7,806019.77,998.39423
1231,0,0,0,9.954695e-06,19523.702,893283.52,418.1591
1232,0,0,0,2.4025082e-05,23504.673,867131.93,576.10487
1233,0,0,0,8.6981652e-06,17787.32,898513.84,416.64695
1234,0,0,0,1.4216574e-05,25918.667,840980.33,498.79898
1235,0,0,0,1.5340407e-05,31000.758,798036.65,645.4267
1236,0,0,0,2.3113229e-05,42223.711,711874.02,804.74729
1237,0,0,0,1.3727032e-05,24055.233,814553.45,1139.1914
1238,0,0,0,1.4688278e-05,19481.351,843457.85,580.30385
1239,0,0,0,1.0008019e-05,29264.377,779042.33,701.32375
1240,0,0,0,1.5726406e-05,18210.828,845935.37,858.9874
1241,0,0,0,1.6631871e-05,17279.111,847311.77,859.94755
1242,0,0,0,1.4230945e-05,19989.56,829143.29,1009.9132
1243,0,0,0,1.6112829e-05,19820.157,811800.65,456.99627
1244,0,0,0,1.7690966e-05,19989.56,809598.41,470.25766
1245,0,0,0,1.1995568e-05,16770.902,827491.61,430.81088
1246,0,0,0,9.9317849e-06,14526.312,831345.53,439.48433
1247,0,0,0,1.6392363e-05,23123.517,771334.49,595.86196
1248,0,0,0,1.0072565e-05,17236.76,793632.17,513.63452
1249,0,0,0,1.0432763e-05,13891.05,810148.97,463.57372
1250,0,0,0,1.8198031e-05,18380.231,779868.17,860.209
1251,0,0,0,1.297741e-05,26172.771,721784.1,620.06012
1252,0,0,0,8.606348e-06,20328.366,749587.38,511.98022
1253,0,0,0,2.0399189e-05,24012.883,722885.22,654.67708
1254,0,0,0,1.3551672e-05,21217.732,733896.42,537.56018
1255,0,0,0,1.6037876e-05,14611.013,762250.26,502.41864
1256,0,0,0,1.1502163e-05,15119.222,756469.38,427.1856
1257,0,0,0,1.4156192e-05,14907.469,756469.38,789.55042
1258,0,0,0,1.7336938e-05,21937.695,710497.62,534.79701
1259,0,0,0,1.2134367e-05,14441.61,750688.5,462.68342
1260,0,0,0,7.7861727e-06,16177.991,734997.54,542.77362
1261,0,0,0,1.32437e-05,17448.514,722059.38,533.6982
1262,0,0,0,1.2499095e-05,22191.8,689301.06,879.60484
1263,0,7.91074131147541e-05,0,0.0050391405,17427.555,709396.5,759.91313
1264,0,0,0,1.144463e-05,16177.991,714626.82,550.40157
1265,0,0,0,1.1747315e-05,13382.841,731694.18,489.64935
1266,0,0,0,1.2367397e-05,15712.133,711048.18,890.46799
1267,0,0,0,8.1319493e-06,19989.56,677739.3,572.79201
1268,0,0,0,8.1825575e-06,12789.93,724261.62,432.81306
1269,0,0,0,8.7831431e-06,18337.88,685447.14,661.75418
1270,0,0,0,1.0250764e-05,13975.752,704441.46,466.4878
1271,0,0.000180965131147541,0,0.011501129,15998.455,682969.62,809.67509
1272,0,0,0,1.3842435e-05,14992.17,686823.54,611.36744
1273,0,0,0,1.2480771e-05,14060.453,692604.42,457.26383
1274,0,0,0,8.3804389e-06,15373.327,672233.7,495.66883
1275,0,0,0,1.2840504e-05,15712.133,669205.62,444.63216
1276,0,2.36319303278688e-05,0,0.0015159602,35003.035,535970.11,1262.8527
1277,0,0,0,2.1609809e-05,21852.994,612222.67,695.60991
1278,0,0,0,1.2384151e-05,15119.222,646632.67,444.16
1279,0,0,0,8.3256391e-06,17363.813,624610.27,409.78036
1280,0,0,0,1.1767339e-05,13763.998,646632.67,458.51014
1281,0,0,0,1.0317359e-05,15585.081,631767.55,428.70254
1282,0,0,0,1.1987632e-05,20031.911,600110.35,565.00226
1283,0,0,0,1.4770236e-05,14653.364,625986.67,1079.9035
1284,0,0,0,1.7412264e-05,13636.946,629565.31,1020.7182
1285,0,0,0,1.2234785e-05,13975.752,606441.79,524.22512
1286,0,0,0,1.4618492e-05,14272.207,602037.31,848.75259
1287,0,0,0,9.364878e-06,14060.453,594604.75,602.69455
1288,0.00024556349,0.000160401418032787,3.0562588e-06,0.017256653,5686637.1,55190057,2034.958
1289,0.00018345445,0.000220934967213115,3.0759171e-06,0.021831649,3902447.6,45494145,1969.3503
1290,0.00010375645,0.000432719393442623,3.2198026e-06,0.033702758,1990741.9,31515979,2792.9999
1291,8.0967307e-05,6.85924860655738e-05,5.476986e-07,0.010217304,2306499,21292906,1802.1387
1292,6.4547287e-06,5.14117303278688e-06,2.8459317e-08,0.00048314956,1636276.5,18861633,1175.0345
1293,4.082046e-05,0.000168574819672131,8.041773e-07,0.027867502,1517541.9,18825021,2110.2675
1294,2.0719564e-06,7.39088770491803e-07,5.0460349e-09,0.00024266882,1476137.1,16591124,1587.4609
1295,1.5848307e-06,4.02121172131148e-07,2.9843107e-09,0.00016071338,1569054.5,13386590,1346.2754
1296,2.1201101e-05,8.13616836065574e-05,3.2266903e-07,0.016682976,1304590.3,14663614,1200.3458
1297,4.2453161e-06,0,1.0587728e-09,9.6902671e-05,1085365.5,10661043,1322.5425
1298,9.7510906e-06,5.25829278688525e-05,1.4245016e-07,0.0102322,876356.19,11159575,1165.3028
1299,1.3922736e-06,7.58428401639344e-07,4.0839371e-09,0.00023393596,953825.13,9507619.8,1050.9011
1300,0,0,0,3.3179166e-05,769598.06,10504409,1091.0875
1301,3.4319178e-06,8.02918606557377e-07,1.9942424e-09,0.00023163446,773156.53,8757206.6,1059.6212
1302,1.8349892e-05,4.32260975409836e-05,1.3080262e-07,0.0052033309,810811.62,8242708.3,1089.4
1303,1.3340504e-05,3.73466901639344e-05,1.0084103e-07,0.0080672345,804499.01,8268309.4,1223.4051
1304,0,1.54903950819672e-08,0,2.7538946e-05,604726.54,8074787.6,1681.3652
1305,0,0,0,2.689002e-05,561401.71,7972383.4,1182.2869
1306,0,0,0,6.6001022e-05,591767.21,7760417.8,1037.979
1307,1.2779546e-05,0.000332939295081967,4.2403422e-07,0.057701915,436532.8,8091579.6,995.73372
1308,7.4587531e-06,0.000180182819672131,2.1393427e-07,0.038909082,409497.51,8176916.4,1064.9151
1309,9.1287887e-06,0.000136699286885246,1.7942837e-07,0.02972703,442375.49,6504865.8,1223.9283
1310,0,0,0,3.1650029e-05,392591.57,6617455.4,978.47461
1311,1.734437e-06,7.67292819672131e-06,1.3667122e-08,0.00077059409,487251.54,5673795.6,929.25632
1312,0,0,0,2.9546298e-05,380563.96,5681228.2,1103.2652
1313,2.3486751e-06,0.000169128172131148,1.2154597e-08,0.0018855131,435117.74,4932741.9,1010.7409
1314,2.8741074e-06,0.000524581540983607,3.8434948e-08,0.010218205,377114.81,5003213.6,1414.9793
1315,0,0,0,3.3599583e-05,354941.74,5163151.2,1690.3013
1316,0,0,0,2.4218038e-05,286502.91,5589009.4,1010.0902
1317,0,0,0,6.7772547e-05,316063.74,4738394.2,2774.4383
1318,0,0,0,4.5684753e-05,289806.27,4768124.5,902.00379
1319,7.2332754e-06,0.00316764885245902,1.7195166e-07,0.059888101,255868.48,4210957.8,665.58851
1320,0,0,0,2.6180246e-05,249530.69,4170216.4,1183.0566
1321,0,0,0,1.7429545e-05,214337.21,4282255.3,842.0974
1322,0,0,0,3.9355735e-05,230599.9,3778217.7,881.41626
1323,0,0,0,1.9927363e-05,192865.37,3974217,855.4752
1324,0,0,0,2.6332624e-05,194898.21,3750965,847.40807
1325,0,0,0,4.5359586e-05,224670.8,3551662.3,989.76927
1326,4.7116121e-07,1.48782729508197e-05,0,0.00022294838,258805.6,3257938.5,1285.225
1327,0,0,0,1.7722362e-05,168005.48,3440449.1,828.63703
1328,0,4.74867581967213e-06,0,2.9506011e-05,193331.29,3256562.1,1104.6534
1329,0,0,0,2.6421152e-05,155681.4,3377134.8,834.53221
1330,0,0,0,5.0765229e-05,202563.7,2974675.4,2080.8724
1331,0,0,0,1.6140647e-05,151912.19,3163242.2,781.23331
1332,0,0,0,3.2037515e-05,174061.64,3008810.1,1004.6977
1333,0,0,0,1.8747818e-05,141028.04,2924849.8,1077.906
1334,0,0,0,2.6760104e-05,128280.46,2767389.6,784.36687
1335,0,0,0,2.8775745e-05,140943.34,2671041.6,1266.5535
1336,0,0,0,3.8279216e-05,142086.81,2609103.6,728.37931
1337,0,0,0,3.7237703e-05,121758.44,2653974.3,1984.3951
1338,0,0,0,2.6757922e-05,129805.09,2578272.3,731.92962
1339,0,0,0,2.2101969e-05,94103.395,2460452.4,784.26813
1340,0,0,0,2.1349143e-05,96178.583,2205267.9,694.22199
1341,0,0,0,2.4147006e-05,92875.223,2118279.4,721.43022
1342,0,0,0,1.8052336e-05,83981.563,2100110.9,991.50081
1343,0,0,0,2.3399109e-05,87073.169,2056066.1,777.83634
1344,0,0,0,3.8298444e-05,96559.739,1904662.2,730.97758
1345,0,0,0,2.4815374e-05,95882.127,1859241,1284.2524
1346,0,0,0,2.5290818e-05,86819.064,1907415,799.83372
1347,0,0,0,3.6710356e-05,90418.879,1876858.9,724.17143
1348,0,0,0,2.2936286e-05,78179.508,1955038.4,830.37244
1349,0,0,0,2.7661111e-05,67888.273,1999909,1766.4614
1350,0,0,0,2.1358377e-05,99397.241,1781336.7,936.44258
1351,0,0,0,1.6360571e-05,65093.123,1999909,779.20841
1352,0,0,0,2.5942611e-05,87327.273,1824831,700.07714
1353,0,0,0,1.5585944e-05,109434.37,1597174.4,1191.4639
1354,0,0,0,1.8390157e-05,65135.473,1884016.2,693.43786
1355,0,0,0,1.872994e-05,77756.001,1755735.7,774.72509
1356,0,0,0,3.4533583e-05,58782.859,1869151,2419.8669
1357,0,0,0,1.5529029e-05,61535.658,1811617.5,682.95858
1358,0,0,0,1.3384249e-05,56834.724,1831988.2,841.70862
1359,0,0,0,1.554338e-05,70175.214,1701230.3,842.89108
1360,0,0,0,2.9766329e-05,66829.504,1670398.9,1918.0101
1361,0,0,0,2.8710361e-05,56241.813,1677005.6,638.6924
1362,0,0,0,2.8582484e-05,51498.528,1698202.2,1834.8721
1363,0,0,0,1.6824886e-05,56284.164,1662140.5,790.53306
1364,0,0,0,2.7362094e-05,80127.643,1486511.9,1263.684
1365,0,0,0,1.1942825e-05,48830.43,1556433,590.78923
1366,0,0,0,3.0759799e-05,63695.547,1653056.3,778.84751
1367,0,0,0,1.1635701e-05,48110.467,1637365.3,746.61776
1368,0,2.43055131147541e-06,0,1.293114e-05,60307.498,1553129.6,1084.9292
1369,0,0,0,1.5815054e-05,54886.589,1567719.5,685.60831
1370,0,0,0,2.2695582e-05,51667.931,1572399.2,1934.7553
1371,0,0,0,2.0547534e-05,81059.36,1364562.8,993.77332
1372,0,0,0,2.962047e-05,62975.584,1454854.7,1222.4997
1373,0,0,0,1.1986824e-05,39936.769,1594146.3,569.55341
1374,0,0,0,2.0170985e-05,44722.406,1545421.8,634.94437
1375,0,0,0,2.8765249e-05,45696.473,1482658,2077.2502
1376,0,0,0,2.7141618e-05,62255.621,1364287.6,2185.7373
1377,0,0,0,1.6113525e-05,45442.369,1466967,635.33964
1378,0,0,0,1.9367621e-05,44214.196,1460910.8,842.53389
1379,0,0,0,3.3292623e-05,51837.334,1394568.4,777.08304
1380,0,0,0,2.348234e-05,69497.602,1275922.7,841.59473
1381,0,0,0,1.737434e-05,56919.425,1334282,1250.4248
1382,0,0,0,1.5317886e-05,46162.332,1397321.2,649.91812
1383,0,0,0,2.7462868e-05,63314.391,1272344.1,1201.4405
1384,0,0,0,1.5133587e-05,49973.9,1341164,743.78952
1385,0,0,0,1.2019047e-05,36887.514,1416866,640.13318
1386,0,0,0,3.3386194e-05,45527.07,1351349.4,1989.4292
1387,0,0,0,2.3087412e-05,38878,1361534.8,550.41753
1388,0,0,0,1.2785246e-05,51371.475,1268214.9,769.59995
1389,0,0,0,2.1312513e-05,38242.739,1283355.3,628.00946
1390,0,0,0,2.279714e-05,42435.464,1250872.2,687.70899
1391,0,0,0,3.3245679e-05,35574.641,1283355.3,2396.5672
1392,0,0,0,1.8436219e-05,40444.979,1245641.9,708.77388
1393,0,0,0,1.1839361e-05,50863.266,1176546.6,687.63446
1394,0,0,0,1.7072336e-05,39682.665,1240686.9,753.13685
1395,0,0,0,9.9358282e-06,31636.02,1275096.9,552.77668
1396,0,0,0,9.202149e-06,30365.497,1264085.7,514.25712
1397,0,0,0,1.3844953e-05,53912.521,1109928.9,816.66915
1398,0,0,0,1.0739507e-05,27993.854,1241512.7,510.97411
1399,0,0,0,2.7600005e-05,35405.238,1182327.5,1328.2415
1400,0,0,0,2.6871597e-05,37311.022,1138833.3,1090.8722
1401,0,0,0,1.6907043e-05,50100.953,1044962.8,839.04446
1402,0,0,0,1.0796278e-05,43028.375,1057350.4,687.04834
1403,0,0,0,1.1668546e-05,33372.401,1104423.3,729.34745
1404,0,0,0,1.8219226e-05,33118.297,1086805.3,526.4296
1405,0,0,0,1.4891788e-05,33711.207,1053496.5,695.24893
1406,0,0,0,1.5920764e-05,32101.878,1060653.7,594.02061
1407,0,0,0,1.7747254e-05,47686.959,951092.32,853.1254
1408,0,0,0,1.2140922e-05,27231.541,1066159.3,591.88766
1409,0,0,0,1.4385139e-05,27527.996,1054872.9,972.9449
1410,0,0,0,9.1639565e-06,26680.981,1054597.6,464.88529
1411,0,0,0,1.7326507e-05,35193.484,986603.44,642.69677
1412,0,0,0,2.8695367e-05,24817.547,1032575.2,1819.9894
1413,0,0,0,1.3976829e-05,24012.883,1036429.1,503.69698
1414,0,0,0,1.8915718e-05,33838.26,962103.52,1101.1294
1415,0,0,0,7.9115188e-06,31466.617,976418.08,598.34886
1416,0,0,0,1.6041988e-05,32567.737,947788.96,646.67333
1417,0,0,0,1.7033344e-05,28375.011,973114.72,770.19886
1418,0,0,0,1.3408448e-05,23292.92,1004496.6,589.24384
1419,0,0,0,1.3400206e-05,28925.571,966508,607.55766
1420,0,0,0,1.3573036e-05,35955.798,917232.88,659.6589
1421,0,0,0,2.31153e-05,26384.525,973390,504.171
1422,0,0,0,1.1296555e-05,21005.978,998715.76,447.66767
1423,0,0,0,2.463e-05,22403.554,981648.4,1726.2926
1424,0,0,0,1.7740277e-05,25241.055,960451.84,528.96974
1425,0,0,0,2.6973639e-05,30111.392,918609.28,616.81664
1426,0,0,0,1.8571824e-05,34007.663,883098.16,667.95154
1427,0,0,0,9.5086206e-06,20031.911,969811.36,465.29196
1428,0,0,0,2.3646814e-05,27358.593,919985.68,1920.1974
1429,0,0,0,9.7881608e-06,19396.649,949165.36,442.31662
1430,0,0,0,9.3412995e-06,17702.619,956873.2,481.23677
1431,0,0,0,1.4383676e-05,21810.643,910075.6,497.25312
1432,0,0,0,8.9980149e-06,19311.948,913654.24,426.33724
1433,0,0,0,3.1690068e-05,20582.471,898789.12,2265.8415
1434,0,0,0,1.027033e-05,26935.085,851716.25,565.82435
1435,0,0,0,1.3598714e-05,19142.545,899890.24,528.37271
1436,0,0,0,1.0727208e-05,19269.597,885575.68,576.82323
1437,0,0,0,2.7819997e-05,22657.658,858322.97,1781.1136
1438,0,0,0,9.7338432e-06,17406.164,886952.08,417.27677
1439,0,0,0,1.2810424e-05,19862.508,870160.01,566.64225
1440,0,0,0,2.2769479e-05,27273.891,812351.21,675.87851
1441,0,0,0,1.6225393e-05,20751.874,841255.61,562.81428
1442,0,0,0,1.3179142e-05,17194.41,862452.17,471.96518
1443,0,0,0,1.5148625e-05,19777.806,843182.57,441.88734
1444,0,0,0,1.9461559e-05,19311.948,842632.01,548.72059
1445,0,0,0,1.7386529e-05,25198.704,802991.69,721.01963
1446,0,0,0,1.7197872e-05,25198.704,798587.21,1151.8458
1447,0,0,0,1.074361e-05,15288.625,859974.65,447.78573
1448,0,0,0,1.0592092e-05,15415.678,857221.85,558.19353
1449,0,0,0,1.0572585e-05,15373.327,837676.97,583.64697
1450,0,0,0,1.3408272e-05,19904.859,807946.73,486.73432
1451,0,0,0,2.2543265e-05,16770.902,814278.17,1008.1238
1452,0,0,0,1.4698714e-05,20074.262,777665.93,585.6804
1453,0,0,0,2.6056822e-05,14865.118,803266.97,2124.5755
1454,0,0,0,2.1767289e-05,15923.887,787025.45,1573.0645
1455,0,0,0,1.4408061e-05,21217.732,752615.46,550.10487
1456,0,0,0,2.6603214e-05,25452.809,713525.7,1899.0478
1457,0,0,0,1.2446819e-05,14441.61,782345.69,594.65877
1458,0,0,0,1.3287239e-05,13340.49,787025.45,774.523
1459,0,0,0,1.1803614e-05,16008.588,769132.25,494.6933
1460,0,0,0,9.599651e-06,21429.486,731143.62,820.80016
1461,0,0,0,1.1898351e-05,16813.253,758121.06,483.38679
1462,0,0,0,8.178717e-06,12832.281,774637.85,469.38445
1463,0,0,0,1.2686229e-05,14441.61,757019.94,489.78312
1464,0,0,0,9.1852434e-06,21217.732,701963.94,605.42394
1465,0,0,0,1.9491011e-05,20540.12,705542.58,559.12085
1466,0,0,0,1.3295006e-05,19311.948,706093.14,757.9756
1467,0,0,0,1.5639321e-05,17406.164,707194.26,1315.8576
1468,0,0,0,1.1801893e-05,28713.817,632868.67,781.25825
1469,0,0,0,2.4281649e-05,16601.499,711323.46,1751.9843
1470,0,0,0,8.9228439e-06,16559.148,701138.1,552.56482
1471,0,0,0,2.6809896e-05,24732.846,644705.71,1130.2645
1472,0,0,0,2.3754072e-05,14314.558,703340.34,1770.1366
1473,0,0,0,9.2620211e-06,19311.948,663424.74,627.29676
1474,0,0,0,1.5953549e-05,17067.357,676087.62,594.58586
1475,0,0,0,2.1899151e-05,18295.53,660671.94,1765.1781
1476,0,0,0,1.4217222e-05,14992.17,671683.14,601.30071
1477,0,0,0,9.8322504e-06,13594.595,680492.1,442.95171
1478,0,0,0,2.4585764e-05,15669.782,666728.1,1769.9615
1479,0,0,0,1.0901746e-05,15330.976,657919.14,463.23683
1480,0,0,0,1.2482128e-05,22107.098,600936.19,591.06281
1481,0,0,0,2.0534536e-05,15203.924,644155.15,907.83076
1482,0,0,0,1.2034312e-05,13679.296,641677.63,476.28287
1483,0,0,0,1.2060547e-05,15712.133,621582.19,632.674
1484,0,0,0,2.5195491e-05,13128.736,636447.31,1721.6906
1485,0.00030863831,0.000175167368852459,3.4542777e-06,0.01802355,5610889.6,55881009,1898.7856
1486,0.00021435824,0.000223503229508197,3.4227099e-06,0.021449487,4035137.8,46496715,2222.6929
1487,0.00010377104,0.000447740213114754,3.3870473e-06,0.034685014,1988400,31831450,2481.0042
1488,9.6200263e-05,7.17890909836066e-05,7.0812405e-07,0.009831366,2597150.8,24888613,1894.0158
1489,1.1553673e-06,1.04716852459016e-06,5.9197138e-09,0.0002992483,1622502.5,17867873,1486.9167
1490,8.0981273e-06,6.39530040983607e-06,3.1012713e-08,0.00083589608,1371840.3,15716284,1350.1552
1491,1.5209542e-05,6.34539983606557e-07,1.1351295e-08,0.00025626816,1651385.6,13641224,1441.3097
1492,1.7690316e-05,8.21724590163934e-05,3.685924e-07,0.016353886,1354995.4,15147281,1265.1857
1493,1.2379185e-06,2.60891081967213e-07,3.1210875e-09,0.00015919173,1140294.9,10919256,1333.7682
1494,8.5096419e-06,5.67139221311475e-05,1.6490455e-07,0.010986379,907578.02,11508355,1132.9503
1495,3.9769819e-06,1.43015836065574e-06,9.1987682e-09,0.00031782124,1002106,9665905.8,1073.8598
1496,4.1399733e-06,2.32469549180328e-06,1.2372752e-08,0.00031652422,809494.58,9014868.7,1063.6227
1497,1.8109802e-05,5.62759516393443e-05,1.5529672e-07,0.007323958,800918.17,8392735.9,995.81377
1498,1.3419538e-05,4.30378409836066e-05,1.3016582e-07,0.0090976585,793622.4,8390809,1190.4726
1499,0,9.99331475409836e-06,0,2.7971241e-05,646699.57,8495140.1,3307.229
1500,0,0,0,2.8601401e-05,594181.2,8171961.4,1300.1028
1501,0,0,0,7.3370818e-05,614043.71,7956417.2,1006.4401
1502,7.3373395e-06,0.000188558180327869,2.2392558e-07,0.040352981,411413.34,8369061.8,818.59089
1503,1.0791179e-05,0.00035629737704918,4.3394102e-07,0.060101876,430325.42,8031568.6,764.06021
1504,8.9517154e-06,0.000147620803278689,1.8619084e-07,0.031490384,446706.29,6619382.3,1055.7216
1505,0,0,0,3.2764967e-05,423719.38,6796387.3,1008.5008
1506,1.1577792e-06,8.74275573770492e-06,1.4480434e-08,0.00082838712,494833.12,5663885.5,938.54761
1507,0,0,0,3.1117866e-05,405381.5,5825750.1,1206.8268
1508,1.7629139e-06,1.02498155737705e-05,1.3032926e-08,0.0022492581,445706.41,5373189.9,851.53553
1509,0,0,0,3.4110803e-05,381114.52,5306572.1,1384.6712
1510,0,0,0,6.8787986e-05,339060.21,4917601.5,1939.7787
1511,3.4123518e-06,0.000641905508196721,4.3393288e-08,0.012335458,350013.41,4820703,933.10863
1512,0,0,0,1.6200194e-05,259525.48,5145258,830.12214
1513,0,0,0,2.5750739e-05,288366.34,4801708.6,1111.0236
1514,0,6.34708663934426e-07,0,4.9210315e-05,293956.65,4634613.7,927.2647
1515,0,0,0,2.6773052e-05,273967.09,4368693.2,1036.3304
1516,0,0,0,4.9922095e-05,331775.88,3758122.2,925.3711
1517,7.2344534e-06,0.00343179581967213,1.8216278e-07,0.063978928,249481.8,4154525.4,715.50877
1518,0,0,0,2.0160823e-05,195702.88,4040008.9,882.56011
1519,0,0,0,4.0239298e-05,232420.99,3783172.7,870.98353
1520,0,0,0,4.7464885e-05,233268,3710774.1,860.70631
1521,0,0,0,2.6897894e-05,202902.51,3796110.9,855.84767
1522,3.4185709e-07,2.00060655737705e-05,0,0.00030015093,255417.57,3218298.2,972.25149
1523,0,0,0,2.0361824e-05,154495.58,3847588.2,704.2301
1524,0,0,0,1.8083168e-05,238265.39,3232337.5,1356.3085
1525,0,0,0,1.7169196e-05,177915.55,3567628.5,794.07135
1526,0,0,0,1.7940784e-05,168090.18,3398606.6,849.34514
1527,0,0,0,2.7385413e-05,157121.33,3415949.2,911.55449
1528,0,0,0,3.4510029e-05,174866.3,2998900.1,900.58737
1529,0,0,0,1.9045346e-05,151785.13,3074602.1,930.00148
1530,0,0,0,3.8311758e-05,156740.17,2926776.7,739.23531
1531,0,0,0,2.966537e-05,148905.28,2758305.4,996.91246
1532,0,0,0,2.7298717e-05,131541.47,2811159.1,782.58508
1533,0,0.00694099991803279,0,2.4922572e-05,124943.9,2786934.5,153406.44
1534,0,0,0,2.761922e-05,130270.95,2607727.2,714.78676
1535,0,0,0,2.2671796e-05,100667.76,2516609.5,789.72627
1536,0,0,0,2.0665067e-05,104055.82,2282071,665.74478
1537,0,0,0,1.4155135e-05,98253.77,2265003.6,817.39781
1538,0,0,0,2.4465698e-05,110662.54,2125987.3,952.96845
1539,0,0.00685540237704918,0,9.5651984e-06,75796.374,2303818.1,151449.15
1540,0,0,0,2.3186578e-05,91308.245,2144155.7,794.90204
1541,0,0,0,2.5963527e-05,100794.82,2031841.5,716.6182
1542,0,0,0,1.8113143e-05,82711.04,2040099.9,801.43227
1543,0,0,0,2.6479636e-05,90418.879,1987521.4,832.54927
1544,0,0,0,3.6971643e-05,97914.964,1885117.3,694.01553
1545,0,0,0,3.4523558e-05,93129.328,1913471.1,665.52538
1546,0,0,0,1.6649617e-05,68608.236,2056892,662.45512
1547,0,0.00557606475409836,0,1.7309284e-05,69944.272,2031566.2,123386.28
1548,0,0,0,2.3912124e-05,79492.382,1951459.8,712.49195
1549,0,0,0,2.8506254e-05,86014.399,1885943.1,899.39545
1550,0,0,0,1.8774951e-05,66956.556,1945403.6,746.46514
1551,0,0,0,3.1710276e-05,60053.382,1897780.2,1622.2325
1552,0,0,0,1.9803951e-05,79068.874,1767848,813.65432
1553,0,0,0,1.1011992e-05,58401.702,1897780.2,780.84871
1554,0,0,0,1.5696658e-05,62975.584,1854010.6,664.05726
1555,0,0.00699346295081967,0,1.6420831e-05,71009.371,1752432.3,154475.66
1556,0,0,0,3.0986954e-05,57851.142,1686365.1,691.0713
1557,0,0.00717645737704918,0,1.4639097e-05,51223.904,1710314.5,158401.38
1558,0,0,0,1.2226618e-05,49889.199,1695724.7,616.71451
1559,0,0,0,3.096046e-05,64923.72,1583135.1,822.99282
1560,0,0,0,1.5802711e-05,57469.985,1608185.6,1232.1312
1561,0,0,0,2.7899104e-05,79068.874,1450725.5,961.94749
1562,0,0,0,1.1915073e-05,43875.39,1671224.7,557.62098
1563,0,0,0,1.6678416e-05,53700.767,1580107.1,698.22713
1564,0,0,0,1.8999133e-05,47136.399,1614517.1,588.05835
1565,0,0,0,2.6990982e-05,47136.399,1526152.2,1469.2858
1566,0,0,0,2.3919733e-05,65897.787,1377776.3,1483.76
1567,0,0,0,2.4361133e-05,72758.611,1311158.5,841.29017
1568,0,0,0,2.1587966e-05,75977.269,1288035,1001.2662
1569,0,0,0,1.9653232e-05,45103.562,1486787.2,808.08725
1570,0,0,0,1.7713073e-05,44764.756,1476326.5,824.59601
1571,0,0,0,1.0937075e-05,33033.595,1515416.3,672.68555
1572,0,0,0,1.7301786e-05,56453.567,1358231.4,951.13775
1573,0,0,0,1.6985029e-05,45103.562,1405304.3,714.19313
1574,0,0,0,3.3659456e-05,49635.094,1365113.4,631.22876
1575,0,0,0,1.3949692e-05,54590.133,1308405.7,770.09607
1576,0,0,0,2.9481906e-05,45018.861,1349422.4,1209.8936
1577,0,0,0,1.5417564e-05,50947.968,1304551.8,872.50926
1578,0,0,0,1.2038908e-05,37395.724,1391815.6,513.88016
1579,0,0,0,2.3185011e-05,38200.388,1326574.2,551.4385
1580,0,0,0,1.9998556e-05,38878,1314186.6,571.07937
1581,0,0,0,3.0144965e-05,36336.955,1304551.8,1574.6322
1582,0,0,0,1.7631953e-05,42096.658,1261608.1,659.53114
1583,0,0,0,2.3073077e-05,42054.308,1242063.3,825.31083
1584,0,0,0,1.0670039e-05,33033.595,1289136.1,711.12585
1585,0,0,0,1.5076889e-05,59672.225,1094237.9,1030.4213
1586,0,0,0,2.6745979e-05,39809.717,1222518.4,1123.5482
1587,0,0,0,2.042057e-05,35066.432,1251698.1,590.50801
1588,0,0,0,9.5004937e-06,30577.251,1275647.4,542.27155
1589,0,0,0,2.5822754e-05,39852.068,1212883.6,755.78947
1590,0,0,0,1.615456e-05,52049.088,1069187.4,822.71126
1591,0,0,0,1.1555286e-05,45230.615,1103597.4,713.25286
1592,0,0,0,1.3078865e-05,31339.565,1183428.6,733.49492
1593,0,0,0,2.0576079e-05,33499.453,1090934.5,589.5604
1594,0,0,0,1.2979186e-05,29603.183,1115709.7,621.49359
1595,0,0,0,9.3532059e-06,21895.344,1134153.5,493.99727
1596,0,0,0,8.2182884e-06,37226.321,1033401,615.93237
1597,0,0,0,1.7362827e-05,51032.669,929069.92,938.99809
1598,0,0,0,1.304154e-05,33033.595,1039181.9,616.15973
1599,0,0,0,1.7321648e-05,30534.9,1045788.6,698.60616
1600,0,0.00755904959016393,0,1.3444648e-05,26438.745,1061204.3,166734.14
1601,0,0,0,9.6558685e-06,26342.175,1056249.3,517.66708
1602,0,0,0,1.8947436e-05,34261.767,1000092.2,601.48103
1603,0,0,0,1.4378368e-05,33584.155,1001468.6,721.04706
1604,0,0,0,1.4799669e-05,24224.636,1045788.6,667.65504
1605,0,0,0,1.2000412e-05,41419.046,923564.32,831.87659
1606,0,0,0,1.4571159e-05,23208.218,1041108.9,646.24137
1607,0,0,0,1.9031418e-05,33838.26,970086.64,784.48646
1608,0,0,0,2.3921421e-05,28247.959,995137.12,502.35354
1609,0,0,0,1.12731e-05,21260.083,1033951.6,431.6654
1610,0,0,0,2.6656918e-05,31720.721,933749.68,783.5008
1611,0,0,0,9.9587201e-06,20455.418,1004496.6,454.03062
1612,0,0,0,1.658825e-05,31805.423,927418.24,679.42989
1613,0,0.00727422852459016,0,1.1131904e-05,21396.379,985227.04,160428.68
1614,0,0.00718727360655738,0,1.0121617e-05,29997.144,924114.88,158710.13
1615,0,0,0,1.804113e-05,24648.144,954670.96,617.52064
1616,0,0,0,1.7284598e-05,24563.442,953294.56,644.10314
1617,0,0,0,9.2393389e-06,17448.514,987429.28,561.89685
1618,0,0,0,1.2210154e-05,18295.53,981648.4,895.99457
1619,0,0,0,1.4094718e-05,33118.297,867407.21,686.99042
1620,0,0,0,1.166163e-05,29052.623,887502.64,560.01922
1621,0,0,0,1.4126651e-05,22276.501,928244.08,490.36625
1622,0,0,0,1.1899568e-05,21725.941,930446.32,571.1413
1623,0,0.00689010278688525,0,1.4796118e-05,25929.277,902918.32,152115.24
1624,0,0,0,1.9101676e-05,30704.303,864379.13,809.33707
1625,0,0,0,2.8336444e-05,21895.344,918058.72,1456.4939
1626,0,0,0,1.432349e-05,19608.403,909800.32,694.13255
1627,0,0,0,1.1319023e-05,28290.31,839053.37,647.76768
1628,0,0,0,2.1831067e-05,28840.87,833823.05,653.13586
1629,0,0,0,1.2549978e-05,17914.373,902918.32,420.09172
1630,0,0,0,1.6562405e-05,21387.135,867131.93,708.79709
1631,0,0,0,1.0935698e-05,16855.604,884749.84,565.84544
1632,0,0,0,1.016803e-05,16855.604,883098.16,422.2407
1633,0,0,0,1.5761562e-05,22657.658,845109.53,953.29718
1634,0,0,0,1.6819342e-05,29645.534,797210.81,896.27467
1635,0,0,0,1.8352053e-05,20582.471,852542.09,549.88169
1636,0,0,0,1.0143204e-05,18803.739,855845.45,517.20907
1637,0,0,0,1.5762437e-05,19777.806,848688.17,456.17062
1638,0,0,0,2.1860784e-05,18846.089,849238.73,675.61798
1639,0,0,0,7.5322845e-06,24648.144,810974.81,476.6274
1640,0,0,0,1.470406e-05,20582.471,834373.61,570.74919
1641,0,0,0,9.5679145e-06,20667.172,830519.69,729.99584
1642,0,0,0,9.5932308e-06,14949.819,857221.85,404.43218
1643,0,0,0,9.4320373e-06,15373.327,853367.93,390.41928
1644,0,0,0,1.449082e-05,20497.769,819508.49,514.77235
1645,0,0,0,1.6759257e-05,23928.181,791154.65,561.59194
1646,0,0,0,2.5660902e-05,27824.451,760598.58,776.90831
1647,0,0,0,9.654086e-06,16559.148,763076.1,451.55258
1648,0,0,0,1.4554033e-05,24944.599,817581.53,615.11045
1649,0,0,0,9.6290226e-06,24394.039,763351.38,720.2858
1650,0,0,0,1.1493263e-05,17448.514,807946.73,484.8702
1651,0,0,0,1.3090107e-05,15881.536,813177.05,629.06852
1652,0,0,0,1.1726143e-05,16305.044,809047.85,429.04412
1653,0,0,0,1.2826951e-05,16643.85,800514.17,557.72818
1654,0,0,0,1.5046675e-05,21175.381,768856.97,601.10178
1655,0,0.00182984721311475,0,9.5534329e-06,14231.403,803266.97,40669.006
1656,0,0,0,8.6292056e-06,14653.364,794733.29,509.38832
1657,0,0,0,2.4168469e-05,13721.647,780969.29,1392.2863
1658,0,0,0,9.180445e-06,23250.569,710772.9,627.71357
1659,0,0,0,1.992338e-05,21005.978,711323.46,549.63531
1660,0,0,0,1.2181419e-05,15161.573,747385.14,500.31287
1661,0,0,0,1.3801378e-05,18253.179,711048.18,796.71619
1662,0,0,0,1.6673893e-05,17999.074,692604.42,617.81683
1663,0,0,0,1.6335911e-05,14907.469,708845.94,541.48924
1664,0,0.00648745196721311,0,1.1545526e-05,16523.164,683520.18,143168.06
1665,0,0,0,1.2983875e-05,31551.318,584419.39,876.73421
1666,0,0.00670695565573771,0,1.0442088e-05,14447.365,695357.22,147980.13
1667,0,0,0,2.8612277e-05,13340.49,690402.18,1457.9948
1668,0,0,0,9.8588077e-06,13001.684,691503.3,451.41885
1669,0,0,0,2.983334e-05,43917.741,487520.84,1283.3017
1670,0,0,0,1.3278261e-05,14865.118,670031.46,536.17097
1671,0,0,0,1.3065348e-05,14229.856,674160.66,440.5282
1672,0,0.0072854356557377,0,1.0888111e-05,15295.243,664250.58,160744.82
1673,0,0,0,1.1249014e-05,15881.536,656818.02,457.80282
1674,0,0,0,1.1941245e-05,16559.148,649385.46,510.51886
1675,0,0,0,9.3876969e-06,18210.828,630391.15,652.37778
1676,0,0,0,1.3279195e-05,21810.643,602863.15,589.45349
1677,0,0,0,2.6472349e-05,23208.218,590750.83,1395.8317
1678,0,0,0,1.2709671e-05,14738.065,641402.35,406.28155
1679,0,0.00691344950819672,0,7.6647315e-06,12964.657,646357.39,152498.28
1680,0,0,0,2.0043455e-05,14102.804,638374.27,606.81956
